-3.737954795360565186e-02,1.826267093420028687e-01,9.381657838821411133e-02,7.955451309680938721e-02,-1.653524041175842285e-01,1.242388263344764709e-01,1.922734268009662628e-02,1.562964767217636108e-01,3.616159260272979736e-01,2.702229619026184082e-01,-8.238168060779571533e-02,2.692540585994720459e-01,-3.000078499317169189e-01,4.675331339240074158e-02,6.976614892482757568e-02,-8.062683045864105225e-03,1.865197569131851196e-01,-6.768723577260971069e-02,-5.346894636750221252e-02,8.199360221624374390e-02,1.407054960727691650e-01,2.383389472961425781e-01,-1.885025501251220703e-01,1.592386215925216675e-01,-1.471975147724151611e-01,1.020517721772193909e-01,-2.384057193994522095e-01,-5.398460663855075836e-03,1.550693809986114502e-01,5.070929229259490967e-02,1.275921314954757690e-01,1.062286179512739182e-02,3.201906979084014893e-01,1.263652145862579346e-01,3.258201479911804199e-02,-1.775080859661102295e-01,2.294338345527648926e-01,-3.177920728921890259e-02,1.667537242174148560e-01,-6.796078383922576904e-02,-3.160112723708152771e-02,3.939226269721984863e-01,2.048912644386291504e-01,1.877320110797882080e-01,-6.920609623193740845e-02,2.095294445753097534e-01,2.254388630390167236e-01,1.005483511835336685e-02,1.283010989427566528e-01,-3.682348430156707764e-01,-4.494197294116020203e-02,-2.202815711498260498e-01,-6.629303097724914551e-02,-1.667228154838085175e-02,4.727369919419288635e-02,-8.389376848936080933e-02,8.657164871692657471e-02,1.664551720023155212e-02,1.541663408279418945e-01,1.278590410947799683e-01,5.018454790115356445e-02,2.004480957984924316e-01,-5.260415747761726379e-02,2.031527608633041382e-01
1.823334544897079468e-01,-1.639526635408401489e-01,1.612487435340881348e-01,2.908648550510406494e-01,-2.604622580111026764e-02,1.603306531906127930e-01,3.300680965185165405e-02,1.234747245907783508e-01,1.850624829530715942e-01,7.515984773635864258e-02,3.020054101943969727e-02,1.454518139362335205e-01,-4.471616446971893311e-01,-9.382218122482299805e-03,6.997306644916534424e-02,-7.428315468132495880e-03,2.447379231452941895e-01,-4.395662248134613037e-02,2.117910385131835938e-01,2.109173983335494995e-01,8.929870277643203735e-02,9.040524810552597046e-02,-2.052533067762851715e-02,3.410346806049346924e-02,1.050822660326957703e-01,2.298427522182464600e-01,-8.881291747093200684e-02,-1.970028877258300781e-02,-2.360624074935913086e-02,2.765679657459259033e-01,2.836771011352539062e-01,1.294401735067367554e-01,1.608412712812423706e-01,1.022411957383155823e-01,-6.878917664289474487e-02,-5.012129545211791992e-01,1.698969751596450806e-01,-9.312892798334360123e-04,1.923167854547500610e-01,3.268078342080116272e-02,9.109865128993988037e-02,4.270579516887664795e-01,1.902639307081699371e-02,1.574465185403823853e-01,2.254703268408775330e-02,8.622702956199645996e-02,2.671684622764587402e-01,9.513854980468750000e-02,7.679366320371627808e-02,-4.710863828659057617e-01,3.113974817097187042e-02,-1.264981478452682495e-01,2.272047661244869232e-02,2.090587466955184937e-01,2.512417435646057129e-01,-2.859072685241699219e-01,3.103438206017017365e-02,-2.884649634361267090e-01,-1.330132782459259033e-01,1.549275964498519897e-01,2.459508031606674194e-01,1.501050293445587158e-01,-1.804036796092987061e-01,2.258762717247009277e-01
3.628315404057502747e-02,-1.236591562628746033e-01,1.187662705779075623e-01,2.620017826557159424e-01,-1.306833475828170776e-01,1.356209516525268555e-01,4.810147732496261597e-02,1.336554884910583496e-01,2.380128502845764160e-01,2.062785029411315918e-01,1.326771378517150879e-01,1.401937007904052734e-01,-5.063617825508117676e-01,5.334179103374481201e-02,4.527015239000320435e-02,-9.708841145038604736e-02,1.386076807975769043e-01,-7.542333751916885376e-02,7.160222530364990234e-02,2.470925748348236084e-01,2.498417198657989502e-01,2.026210576295852661e-01,-1.450420077890157700e-02,-2.003728747367858887e-01,2.097561657428741455e-01,2.379508018493652344e-01,2.879091724753379822e-02,2.765640430152416229e-02,-1.158535666763782501e-02,2.035846263170242310e-01,3.529870882630348206e-02,-7.605642080307006836e-03,1.702918261289596558e-01,1.368136852979660034e-01,-1.654973998665809631e-02,-2.705768942832946777e-01,3.812667727470397949e-01,-1.096482425928115845e-01,2.589259743690490723e-01,2.519249543547630310e-02,-8.402824401855468750e-02,5.424678325653076172e-01,-1.973110884428024292e-01,1.385261416435241699e-01,-8.549289777874946594e-03,1.523905545473098755e-01,1.840613335371017456e-01,8.592162281274795532e-02,1.395894438028335571e-01,-3.328689336776733398e-01,-4.569371789693832397e-02,-2.580349445343017578e-01,-3.926148265600204468e-02,1.024575755000114441e-01,3.342874944210052490e-01,1.043931245803833008e-01,1.543059349060058594e-01,-2.298975735902786255e-01,-2.181653231382369995e-01,1.802774369716644287e-01,5.206760019063949585e-02,1.061990559101104736e-01,7.962170243263244629e-02,1.752660870552062988e-01
-7.232888042926788330e-02,-1.034250408411026001e-01,1.571608632802963257e-01,8.076136559247970581e-02,-4.800074175000190735e-02,1.225263103842735291e-01,-2.055826224386692047e-02,3.041152656078338623e-01,2.556854784488677979e-01,2.920734286308288574e-01,8.613902330398559570e-02,1.597529649734497070e-01,-5.632622241973876953e-01,-1.115968450903892517e-01,5.139844492077827454e-03,-7.791573554277420044e-02,2.404018491506576538e-01,-2.243026196956634521e-01,1.649166941642761230e-01,1.684188842773437500e-01,2.178712934255599976e-01,2.668870091438293457e-01,1.375544369220733643e-01,-3.365951180458068848e-01,-7.098200917243957520e-02,2.575468122959136963e-01,3.278084471821784973e-02,1.520070433616638184e-01,-1.850886642932891846e-02,1.686803698539733887e-01,6.613810360431671143e-02,6.709361076354980469e-02,3.254341483116149902e-01,4.097016900777816772e-02,5.920680612325668335e-02,-2.995994687080383301e-01,1.010728180408477783e-01,7.548566162586212158e-02,2.089219093322753906e-01,-5.866479128599166870e-02,-9.846675395965576172e-02,4.538004398345947266e-01,4.071641862392425537e-01,1.438087075948715210e-01,9.035639464855194092e-02,1.508117467164993286e-01,2.634538710117340088e-01,3.668178105726838112e-03,5.626928061246871948e-02,-4.649151563644409180e-01,2.903806045651435852e-02,-2.585465274751186371e-02,-1.190979592502117157e-02,2.649880349636077881e-01,3.234421014785766602e-01,1.231622919440269470e-01,2.512204274535179138e-02,-7.355243712663650513e-02,-1.040436625480651855e-01,2.555021941661834717e-01,1.543610990047454834e-01,9.769879281520843506e-02,-7.188684493303298950e-02,2.671392858028411865e-01
-9.324467740952968597e-03,-4.850317165255546570e-02,1.385199129581451416e-01,1.663159579038619995e-01,-1.497599780559539795e-01,1.333341449499130249e-01,5.130367353558540344e-03,9.638105332851409912e-02,3.615925908088684082e-01,1.973474025726318359e-01,5.023337528109550476e-02,2.116707265377044678e-01,-4.038050770759582520e-01,1.078542396426200867e-01,4.615929722785949707e-02,8.266270160675048828e-02,1.539960801601409912e-01,6.723962724208831787e-02,2.049673795700073242e-01,1.946208328008651733e-01,6.445598602294921875e-02,2.633737623691558838e-01,1.757878959178924561e-01,-1.810804456472396851e-01,-8.751529455184936523e-02,1.881930977106094360e-01,-6.584660708904266357e-02,2.336750477552413940e-01,1.850960776209831238e-02,2.646647989749908447e-01,9.921782463788986206e-02,1.811558157205581665e-01,2.906982302665710449e-01,8.406386524438858032e-02,-2.247220836579799652e-02,-2.551475763320922852e-01,1.917054355144500732e-01,9.914955124258995056e-03,1.949156634509563446e-02,2.199629694223403931e-01,8.849009126424789429e-02,3.820228278636932373e-01,3.649393320083618164e-01,-6.926914304494857788e-02,-1.330523490905761719e-01,8.379302173852920532e-02,1.237821802496910095e-01,1.882087737321853638e-01,1.562671810388565063e-01,-4.689243733882904053e-01,-9.684540331363677979e-02,-4.910913109779357910e-02,1.557263135910034180e-01,-6.066388636827468872e-02,5.356412380933761597e-02,-3.947940468788146973e-02,1.294610351324081421e-01,-2.042250782251358032e-01,1.430405676364898682e-01,2.378687411546707153e-01,1.552775651216506958e-01,2.035534009337425232e-02,-7.789278030395507812e-02,3.185390233993530273e-01
-1.085611954331398010e-01,-2.276069372892379761e-01,2.276061326265335083e-01,1.458821892738342285e-01,-8.154133707284927368e-02,8.613745123147964478e-02,-1.823653466999530792e-02,1.629030406475067139e-01,3.851874172687530518e-01,1.078622937202453613e-01,-1.166777983307838440e-01,2.046567797660827637e-01,-3.660679161548614502e-01,-1.359438300132751465e-01,3.362521156668663025e-02,4.028864577412605286e-02,2.761294543743133545e-01,4.404539614915847778e-02,-4.788519814610481262e-03,1.055071800947189331e-01,3.836078941822052002e-02,5.181151255965232849e-02,-7.595837116241455078e-02,1.378188282251358032e-01,-2.203282155096530914e-02,2.302764952182769775e-01,2.837573364377021790e-02,2.037049978971481323e-01,2.041154950857162476e-01,2.033304423093795776e-01,6.682614982128143311e-02,1.467434316873550415e-01,1.833354830741882324e-01,1.132774353027343750e-01,7.331696152687072754e-02,-4.121488034725189209e-01,-5.939903669059276581e-03,-1.029727086424827576e-01,1.702672392129898071e-01,2.020230516791343689e-02,1.078972369432449341e-01,3.957305550575256348e-01,4.467212557792663574e-01,-2.656229585409164429e-02,-9.551517665386199951e-02,-1.541661657392978668e-02,1.212728768587112427e-01,1.145423352718353271e-01,8.131159842014312744e-02,-4.146839380264282227e-01,1.078997328877449036e-01,-1.975896954536437988e-01,2.275998145341873169e-02,9.465949237346649170e-02,1.018015742301940918e-01,-5.876861140131950378e-02,3.649906069040298462e-02,2.204942554235458374e-01,-5.295778810977935791e-02,2.881469428539276123e-01,1.434542685747146606e-01,2.021318376064300537e-01,-2.230497896671295166e-01,2.240910828113555908e-01
-8.894634991884231567e-02,1.793627142906188965e-01,1.743525415658950806e-01,2.026076614856719971e-01,-1.618322134017944336e-01,2.279642075300216675e-01,7.264608889818191528e-02,9.698413312435150146e-02,1.417879462242126465e-01,1.191134378314018250e-01,-1.966678351163864136e-01,5.625000596046447754e-02,-2.720456421375274658e-01,6.515327841043472290e-02,2.340954029932618141e-03,-1.064099967479705811e-01,3.045857250690460205e-01,1.032521799206733704e-01,9.212782233953475952e-02,3.948974236845970154e-02,1.322278976440429688e-01,2.576924860477447510e-01,-2.201607376337051392e-01,2.210307270288467407e-01,8.898933976888656616e-02,7.434964179992675781e-02,-2.127273827791213989e-01,2.679995633661746979e-02,6.245084479451179504e-02,6.891077756881713867e-02,6.380897760391235352e-02,-5.002379789948463440e-02,1.371784955263137817e-01,7.610645145177841187e-02,2.528289705514907837e-02,-1.212417855858802795e-01,2.119085490703582764e-01,-1.445560455322265625e-01,8.410653471946716309e-02,-7.185132801532745361e-02,2.341785840690135956e-02,3.289839625358581543e-01,1.811660528182983398e-01,1.618368178606033325e-01,8.111260831356048584e-02,1.153084784746170044e-01,1.087081730365753174e-01,1.592618785798549652e-02,-4.380145668983459473e-02,-2.420190423727035522e-01,-2.788525260984897614e-02,-3.461895287036895752e-01,-1.537810266017913818e-01,-4.311909154057502747e-02,6.410683691501617432e-02,1.671046018600463867e-01,1.824020743370056152e-01,-2.080884017050266266e-02,-6.568945944309234619e-03,2.453773617744445801e-01,9.757590293884277344e-02,5.691718682646751404e-02,-2.212016433477401733e-01,1.692735403776168823e-01
1.078483536839485168e-01,-3.535511493682861328e-01,1.263523995876312256e-01,2.275020033121109009e-01,-1.619997918605804443e-01,1.992108374834060669e-01,1.330749988555908203e-01,8.949194848537445068e-02,1.923866122961044312e-01,1.007889583706855774e-01,-1.999122947454452515e-01,1.399348229169845581e-01,-2.351571470499038696e-01,-1.238742321729660034e-01,1.654113829135894775e-01,5.057962611317634583e-02,8.805662393569946289e-02,-1.559101324528455734e-02,3.009069859981536865e-01,1.075577214360237122e-01,7.436584681272506714e-02,4.255557432770729065e-02,-4.250549525022506714e-02,1.310543417930603027e-01,-1.495351046323776245e-01,2.130399644374847412e-01,-2.014137506484985352e-01,2.279551932588219643e-03,7.662125863134860992e-03,2.567514479160308838e-01,1.247553005814552307e-01,2.116637229919433594e-01,2.469925135374069214e-01,2.565285563468933105e-02,1.181562989950180054e-01,-2.627093791961669922e-01,1.527774520218372345e-02,5.640103295445442200e-02,6.296857446432113647e-02,-4.226768016815185547e-02,1.392767876386642456e-01,5.104234814643859863e-01,6.303852796554565430e-01,-6.426171213388442993e-02,7.690396904945373535e-02,2.790237218141555786e-02,1.922352910041809082e-01,1.333776265382766724e-01,1.866644173860549927e-01,-2.945221960544586182e-01,5.495091155171394348e-02,-1.097122728824615479e-01,-1.922341585159301758e-01,2.186927348375320435e-01,1.576598733663558960e-01,1.417969316244125366e-01,8.902283012866973877e-02,1.398725807666778564e-01,-1.547172665596008301e-01,2.224871814250946045e-01,1.865312159061431885e-01,2.268315851688385010e-01,-1.650979071855545044e-01,2.802630662918090820e-01
-4.557914286851882935e-02,-2.268379479646682739e-01,3.060917854309082031e-01,1.651620566844940186e-01,-1.503006964921951294e-01,4.039512202143669128e-02,6.630550138652324677e-03,6.928162276744842529e-02,1.774850189685821533e-01,2.227852791547775269e-01,-1.098802760243415833e-01,2.636698782444000244e-01,-5.502944588661193848e-01,-1.907336115837097168e-01,-5.755396932363510132e-02,3.962800651788711548e-02,1.391949504613876343e-01,-1.455974876880645752e-01,2.424965798854827881e-01,1.231143549084663391e-01,1.260648369789123535e-01,5.605180561542510986e-02,2.708061970770359039e-02,2.367523312568664551e-01,-2.902988195419311523e-01,7.388599216938018799e-02,-2.187628746032714844e-01,8.077202737331390381e-02,9.520337916910648346e-03,9.428894519805908203e-02,1.400415450334548950e-01,-7.986163254827260971e-04,3.216793239116668701e-01,2.301193475723266602e-01,2.893510162830352783e-01,-1.531142741441726685e-01,5.676218122243881226e-02,-1.146992817521095276e-01,1.496230661869049072e-01,1.093272212892770767e-02,-1.080857664346694946e-01,3.721064627170562744e-01,9.143797159194946289e-01,1.047482043504714966e-01,-3.430157527327537537e-02,4.382795467972755432e-02,7.033672928810119629e-02,-9.774341434240341187e-02,1.219985410571098328e-01,-3.507666885852813721e-01,-5.756295472383499146e-02,-8.770170062780380249e-02,-9.030460566282272339e-02,1.973644830286502838e-02,5.140657424926757812e-01,8.514408767223358154e-02,7.205712050199508667e-02,4.690410941839218140e-02,2.223422192037105560e-02,1.784827560186386108e-01,8.822608739137649536e-02,8.854986727237701416e-02,-2.458534687757492065e-01,2.904887795448303223e-01
-8.521223813295364380e-02,-3.391517400741577148e-01,2.516828477382659912e-01,2.924346923828125000e-01,-7.161089032888412476e-02,3.715919447131454945e-04,9.538208693265914917e-02,2.982638776302337646e-01,3.227182626724243164e-01,3.079379796981811523e-01,-1.195308342576026917e-01,2.748776972293853760e-01,-3.804022967815399170e-01,-1.771252453327178955e-01,5.700375512242317200e-02,-1.540979743003845215e-01,2.199827432632446289e-01,3.585762903094291687e-02,3.774765133857727051e-02,5.099531635642051697e-02,1.490533202886581421e-01,4.828988388180732727e-02,-5.121477320790290833e-02,1.406169086694717407e-01,-1.049195453524589539e-01,1.485225260257720947e-01,-1.222639605402946472e-01,-1.864456385374069214e-02,4.186017438769340515e-02,1.604285985231399536e-01,8.493900299072265625e-02,1.544250249862670898e-01,2.771617770195007324e-01,2.419745475053787231e-01,1.830380856990814209e-01,-3.371238112449645996e-01,6.947121769189834595e-02,-1.792221069335937500e-01,8.053265628404915333e-05,-1.707902178168296814e-02,-6.953273713588714600e-02,5.114949345588684082e-01,5.703744888305664062e-01,-5.930649861693382263e-02,-2.613642066717147827e-02,4.103478789329528809e-02,2.191331386566162109e-01,1.809102669358253479e-02,2.117319107055664062e-01,-6.029062867164611816e-01,3.296794593334197998e-01,-1.947148740291595459e-01,-3.394207954406738281e-01,1.131650730967521667e-01,-2.001693006604909897e-03,2.645048685371875763e-02,2.601542696356773376e-02,-2.540113404393196106e-03,5.754596088081598282e-03,1.272079199552536011e-01,1.706800907850265503e-01,1.128062233328819275e-01,-1.684714406728744507e-01,2.554284334182739258e-01
5.056991428136825562e-02,-5.097856521606445312e-01,2.680993378162384033e-01,2.145970165729522705e-01,-2.467053011059761047e-02,1.102083474397659302e-01,7.203751802444458008e-02,3.187792897224426270e-01,2.950779497623443604e-01,2.303849309682846069e-01,-1.108242291957139969e-02,2.658111751079559326e-01,-4.985537827014923096e-01,8.740746974945068359e-02,1.485107280313968658e-02,-8.243342489004135132e-02,2.185273170471191406e-01,-2.679573595523834229e-01,1.691957712173461914e-01,2.529457509517669678e-01,1.722953617572784424e-01,1.156231015920639038e-01,2.255218848586082458e-02,1.145771797746419907e-02,-1.273048371076583862e-01,1.150858476758003235e-01,-1.231007501482963562e-01,1.339464485645294189e-01,1.469116751104593277e-02,2.626112401485443115e-01,2.039907686412334442e-02,1.767203360795974731e-01,1.821855604648590088e-01,-5.604308843612670898e-02,-6.331793963909149170e-02,-3.864732682704925537e-01,2.267479598522186279e-01,-1.080058217048645020e-01,1.035690978169441223e-01,2.588827535510063171e-02,5.109068378806114197e-02,3.437538146972656250e-01,4.997365921735763550e-02,1.296781897544860840e-01,2.266910970211029053e-01,2.152725756168365479e-01,3.264143466949462891e-01,1.228535398840904236e-01,-1.071895752102136612e-02,-2.882649898529052734e-01,-1.303664296865463257e-01,-1.525365263223648071e-01,-5.890512838959693909e-02,2.327239364385604858e-01,2.524351179599761963e-01,-2.059484869241714478e-01,8.029181510210037231e-02,-1.276193559169769287e-01,4.299522563815116882e-02,7.020868360996246338e-02,5.609924718737602234e-02,1.533009558916091919e-01,7.106650620698928833e-02,2.059172391891479492e-01
-1.660229116678237915e-01,-3.919721245765686035e-01,2.892529368400573730e-01,2.495169043540954590e-01,-1.279069632291793823e-01,6.648511439561843872e-02,1.382753700017929077e-01,2.400697171688079834e-01,3.685452640056610107e-01,3.168276846408843994e-01,-1.141507402062416077e-01,2.286705523729324341e-01,-4.812074601650238037e-01,4.719009622931480408e-03,1.128739491105079651e-01,-8.347366005182266235e-03,3.349504768848419189e-01,-7.696025818586349487e-02,1.136562377214431763e-01,1.339190453290939331e-01,3.141669929027557373e-02,2.813185155391693115e-01,-1.698325723409652710e-01,8.015640079975128174e-02,-2.403962016105651855e-01,1.297542303800582886e-01,-1.257057785987854004e-01,1.698756963014602661e-01,2.267682701349258423e-01,1.046873927116394043e-01,1.970838904380798340e-01,4.582487419247627258e-02,1.867399811744689941e-01,1.095972806215286255e-01,2.066479623317718506e-01,-1.414603441953659058e-01,9.411990642547607422e-02,-1.526719331741333008e-01,9.543357044458389282e-02,1.375270634889602661e-01,-4.792453721165657043e-02,4.204911887645721436e-01,7.163313627243041992e-01,1.004380136728286743e-01,-2.777471393346786499e-02,1.137921772897243500e-02,1.262682974338531494e-01,1.294446289539337158e-01,6.451531499624252319e-02,-3.244000077247619629e-01,1.166832894086837769e-01,-2.738564312458038330e-01,-1.970556378364562988e-01,4.162661731243133545e-02,2.818481624126434326e-01,2.235628515481948853e-01,5.288501828908920288e-02,-1.198206841945648193e-01,3.071923553943634033e-02,2.013382464647293091e-01,1.906598545610904694e-02,1.975821703672409058e-01,-1.983972936868667603e-01,3.025921583175659180e-01
-3.858513012528419495e-02,-9.428405761718750000e-02,2.574069797992706299e-01,7.153902947902679443e-02,-1.391479372978210449e-01,1.870237886905670166e-01,1.237620711326599121e-01,3.037396669387817383e-01,1.047277227044105530e-01,2.059384733438491821e-01,1.058486104011535645e-01,-2.400570362806320190e-02,-6.718124151229858398e-01,5.890620872378349304e-02,-4.757102206349372864e-02,-1.264515072107315063e-01,2.851184010505676270e-01,-1.178887411952018738e-01,1.586992666125297546e-02,2.078833281993865967e-01,2.140635848045349121e-01,5.493897199630737305e-02,-2.102508544921875000e-01,-2.923333048820495605e-01,1.588824689388275146e-01,1.615722775459289551e-01,-9.250030666589736938e-02,3.703846037387847900e-02,-6.102084182202816010e-03,4.346631467342376709e-02,-2.199393883347511292e-02,-7.362819463014602661e-02,1.755286753177642822e-01,-1.274311542510986328e-01,1.305080205202102661e-01,-2.704016864299774170e-01,2.856614589691162109e-01,-3.733722120523452759e-02,8.060190081596374512e-02,-1.537801921367645264e-01,-2.558364160358905792e-02,3.725461065769195557e-01,-7.965008020401000977e-01,2.374774590134620667e-02,2.711745500564575195e-01,7.567938417196273804e-02,3.055634498596191406e-01,2.313710153102874756e-01,-1.674176007509231567e-01,-4.562868177890777588e-01,-3.289076089859008789e-01,-5.612314939498901367e-01,3.504535648971796036e-03,1.797878891229629517e-01,8.671674132347106934e-02,3.565216436982154846e-02,2.057378739118576050e-01,2.022551447153091431e-01,-9.669779986143112183e-02,1.080996841192245483e-01,1.167774572968482971e-01,1.719674021005630493e-01,1.927446722984313965e-01,8.304522186517715454e-02
-5.417074263095855713e-02,3.087518215179443359e-01,1.958195865154266357e-01,9.390480071306228638e-02,-5.205081030726432800e-02,8.131089061498641968e-02,2.203671634197235107e-01,2.027390450239181519e-01,2.150654792785644531e-01,1.188728138804435730e-01,-2.526917457580566406e-01,1.108561307191848755e-01,-3.105531334877014160e-01,3.849009796977043152e-02,2.605668604373931885e-01,-1.249783188104629517e-01,3.479200303554534912e-01,1.282118260860443115e-01,-1.857954859733581543e-01,1.456035524606704712e-01,3.850958123803138733e-02,1.048102974891662598e-01,-3.377423286437988281e-01,5.134429931640625000e-01,7.244007289409637451e-02,-2.651762589812278748e-02,-2.393842041492462158e-01,-5.646101664751768112e-03,3.355943784117698669e-02,1.437812596559524536e-01,1.476013287901878357e-02,-4.058131203055381775e-02,8.755303919315338135e-02,9.777159988880157471e-02,-7.737037539482116699e-02,2.093136012554168701e-01,1.301545053720474243e-01,-1.757348626852035522e-01,9.763455390930175781e-02,-1.708115488290786743e-01,-5.702239647507667542e-02,2.321111261844635010e-01,4.294896870851516724e-02,2.674831449985504150e-02,1.000254508107900620e-02,6.336066871881484985e-02,2.502356171607971191e-01,1.068963855504989624e-01,1.263332813978195190e-01,-4.262823760509490967e-01,2.834013104438781738e-01,-3.650861382484436035e-01,-2.093587070703506470e-01,-4.622948542237281799e-02,5.705695971846580505e-02,2.939415276050567627e-01,1.813388466835021973e-01,1.455836743116378784e-01,2.153053432703018188e-01,2.924241125583648682e-01,-5.483943596482276917e-02,1.486860681325197220e-02,-2.716270685195922852e-01,2.328232526779174805e-01
3.113837353885173798e-02,-4.058380424976348877e-01,3.138492405414581299e-01,1.073349565267562866e-01,-1.716727167367935181e-01,-3.683368861675262451e-02,8.789741247892379761e-02,1.640641391277313232e-01,2.014476507902145386e-01,2.903208136558532715e-01,-1.065608039498329163e-01,1.957279890775680542e-01,-4.705920219421386719e-01,8.588337898254394531e-02,-3.250972032546997070e-01,-1.207221895456314087e-01,1.733013391494750977e-01,-5.928041934967041016e-01,-1.748402863740921021e-01,3.831575065851211548e-02,1.731619685888290405e-01,2.144525796175003052e-01,1.834698207676410675e-02,-3.782626688480377197e-01,-1.918246299028396606e-01,2.114741951227188110e-01,-1.425228118896484375e-01,2.001395821571350098e-01,1.483547091484069824e-01,2.870563566684722900e-01,7.776881754398345947e-02,-3.634771332144737244e-02,3.012855947017669678e-01,1.513200849294662476e-01,8.423212915658950806e-02,-3.623004853725433350e-01,2.378096133470535278e-01,-2.288969978690147400e-02,1.936805099248886108e-01,6.088818609714508057e-02,7.820792496204376221e-02,1.969359517097473145e-01,-9.168677926063537598e-01,7.028208673000335693e-02,1.797218173742294312e-01,6.575765460729598999e-02,3.629255592823028564e-01,-1.503239199519157410e-02,7.523521780967712402e-02,-3.818942904472351074e-01,-1.074256181716918945e+00,1.462526898831129074e-02,-2.032197117805480957e-01,1.349051594734191895e-01,1.342734396457672119e-01,-1.748318970203399658e-02,1.552107781171798706e-01,-5.464537069201469421e-02,-1.322338283061981201e-01,1.438871622085571289e-01,5.351697653532028198e-02,5.253319069743156433e-02,-1.665095388889312744e-01,2.581918835639953613e-01
-1.246734708547592163e-01,-4.603413119912147522e-02,1.906242966651916504e-01,2.042078077793121338e-01,-1.313738673925399780e-01,1.166667714715003967e-01,1.292415410280227661e-01,1.322439610958099365e-01,1.713767796754837036e-01,1.471059471368789673e-01,-7.318554073572158813e-02,1.106398776173591614e-01,-3.903450369834899902e-01,-8.852479979395866394e-03,5.615516006946563721e-02,-3.556506335735321045e-02,3.125130832195281982e-01,9.968736022710800171e-02,2.075666934251785278e-01,1.345634609460830688e-01,8.161482214927673340e-02,1.755221337080001831e-01,-1.463177204132080078e-01,-1.204403676092624664e-02,-3.869707509875297546e-02,1.839065849781036377e-01,-3.966938257217407227e-01,1.559911519289016724e-01,1.011646240949630737e-01,1.731476634740829468e-01,2.013278603553771973e-01,4.628010839223861694e-02,3.146379590034484863e-01,8.179327845573425293e-02,9.445412456989288330e-02,9.892728924751281738e-02,-1.170012261718511581e-02,-5.114891752600669861e-02,1.768269687891006470e-01,6.960559636354446411e-02,3.154392912983894348e-02,4.726948440074920654e-01,3.740716874599456787e-01,2.084925211966037750e-02,-5.613244138658046722e-03,2.194952964782714844e-01,1.865872442722320557e-01,4.952226951718330383e-02,7.974529266357421875e-02,-3.621467053890228271e-01,3.235646709799766541e-02,-2.914482653141021729e-01,-2.171387821435928345e-01,3.916972130537033081e-02,-1.692001968622207642e-01,3.410981595516204834e-02,6.431066989898681641e-02,-3.965867683291435242e-02,8.676287531852722168e-02,3.159754276275634766e-01,1.956075280904769897e-01,7.164765894412994385e-02,-1.482382267713546753e-01,1.812946647405624390e-01
-1.201727688312530518e-01,-1.320539414882659912e-01,1.574738174676895142e-01,1.229528635740280151e-01,-4.558450356125831604e-02,-5.286916345357894897e-02,1.670279540121555328e-02,1.622914373874664307e-01,2.807570993900299072e-01,1.748184412717819214e-01,-1.757967770099639893e-01,3.073671162128448486e-01,-4.613934159278869629e-01,-2.144533544778823853e-01,1.193328648805618286e-01,1.601973548531532288e-02,1.769004315137863159e-01,-2.040683180093765259e-01,1.706834137439727783e-01,-5.363252386450767517e-02,2.177690863609313965e-01,2.547182440757751465e-01,3.348619490861892700e-02,6.711360067129135132e-02,-8.096372336149215698e-02,1.496166437864303589e-01,-7.306053489446640015e-02,2.783027477562427521e-02,1.652731448411941528e-01,5.650152638554573059e-02,1.742249876260757446e-01,1.831539720296859741e-02,2.542587220668792725e-01,1.227405890822410583e-01,2.629992067813873291e-01,-1.291528791189193726e-01,1.043368354439735413e-01,-3.389084711670875549e-02,6.441147625446319580e-02,1.575689017772674561e-01,8.284056931734085083e-02,6.154271960258483887e-01,1.263778805732727051e+00,-2.044322788715362549e-01,-8.724424988031387329e-02,-5.132462456822395325e-02,2.706679999828338623e-01,6.501117348670959473e-02,1.166836693882942200e-01,-3.815590739250183105e-01,2.686327695846557617e-01,-1.556024104356765747e-01,-2.805344760417938232e-01,1.234096437692642212e-01,3.445826878305524588e-04,1.045682653784751892e-01,1.937947818078100681e-04,6.232259050011634827e-02,-2.526436373591423035e-02,2.936674654483795166e-01,1.365469694137573242e-01,1.073361635208129883e-01,-8.309443295001983643e-02,1.720515787601470947e-01
-1.341425031423568726e-01,8.756226301193237305e-02,8.654235303401947021e-02,1.144213974475860596e-01,-9.724516421556472778e-02,1.934350654482841492e-02,-3.244422748684883118e-02,7.636715471744537354e-02,3.555989563465118408e-01,1.691532433032989502e-01,-9.685602039098739624e-02,2.140804231166839600e-01,-5.528447031974792480e-01,5.899374559521675110e-02,-5.690041184425354004e-02,-1.219365298748016357e-01,1.357930451631546021e-01,2.554278075695037842e-01,3.425893560051918030e-02,5.265739932656288147e-02,2.411367744207382202e-01,8.003258705139160156e-02,-1.375559121370315552e-01,3.085723817348480225e-01,7.424364332109689713e-03,8.008223772048950195e-02,-1.227238327264785767e-01,9.283820539712905884e-02,-6.911012530326843262e-02,2.438055872917175293e-01,1.566336452960968018e-01,8.465617895126342773e-02,7.383672893047332764e-02,1.456146091222763062e-01,-6.206605210900306702e-02,-1.649074442684650421e-02,1.794378906488418579e-01,-6.084739696234464645e-03,1.689814180135726929e-01,-6.307350099086761475e-02,4.229168966412544250e-02,4.100664854049682617e-01,2.594081759452819824e-01,-2.115483768284320831e-02,-9.068936109542846680e-02,1.572487950325012207e-01,2.987610399723052979e-01,1.138844788074493408e-01,6.974690407514572144e-02,-4.699822366237640381e-01,7.507868856191635132e-02,-3.105018138885498047e-01,-1.923694610595703125e-01,1.023642420768737793e-01,-1.084922477602958679e-01,-8.961188793182373047e-02,5.981159210205078125e-02,1.639487296342849731e-01,9.158271551132202148e-02,8.153308182954788208e-02,6.501802802085876465e-02,1.296896487474441528e-01,-1.567402184009552002e-01,1.640371084213256836e-01
-1.079566404223442078e-01,-2.246799021959304810e-01,3.013292849063873291e-01,2.817060351371765137e-01,-6.555754691362380981e-02,9.113428741693496704e-02,1.440029144287109375e-01,1.002324223518371582e-01,1.513079255819320679e-01,1.046914830803871155e-01,-6.402441859245300293e-02,1.559654623270034790e-01,-3.700434863567352295e-01,4.579725489020347595e-02,1.118641626089811325e-02,-9.870638698339462280e-02,1.676215678453445435e-01,1.162864491343498230e-01,1.835498958826065063e-01,5.313066765666007996e-02,1.473316699266433716e-01,1.967375278472900391e-01,-1.200499832630157471e-01,5.819746851921081543e-02,-2.201232761144638062e-01,8.836337178945541382e-02,-2.218649387359619141e-01,6.738080177456140518e-03,6.358151882886886597e-02,1.876068711280822754e-01,1.058528870344161987e-01,9.731589257717132568e-02,1.538144052028656006e-01,1.096060350537300110e-01,2.269528806209564209e-01,-4.887480437755584717e-01,5.977225303649902344e-02,-6.963172554969787598e-02,1.698666960000991821e-01,2.284980565309524536e-02,-8.816158771514892578e-02,4.952660799026489258e-01,1.424887031316757202e-01,1.259887665510177612e-01,-1.562930196523666382e-01,1.448458135128021240e-01,2.759248018264770508e-01,9.174905717372894287e-02,2.246964350342750549e-02,-2.623051404953002930e-01,-5.485408008098602295e-02,-3.237531483173370361e-01,-7.974823564291000366e-02,9.947124123573303223e-02,3.335450887680053711e-01,-1.629475876688957214e-02,1.594362556934356689e-01,-1.473159994930028915e-02,-1.302214711904525757e-01,1.527997553348541260e-01,3.080787323415279388e-02,2.257961779832839966e-01,-2.192791849374771118e-01,1.716022640466690063e-01
1.335753872990608215e-02,5.997060332447290421e-03,-7.476221024990081787e-02,6.830228865146636963e-02,2.153893187642097473e-02,3.442073240876197815e-02,-1.415389776229858398e-01,-1.355333812534809113e-02,1.138261780142784119e-01,-3.584934026002883911e-02,1.753874681890010834e-02,-3.574653761461377144e-03,-3.100273432210087776e-03,2.218975126743316650e-02,2.133374288678169250e-02,-1.275134235620498657e-01,7.312952727079391479e-02,-1.265597939491271973e-01,-5.930892378091812134e-02,8.548218756914138794e-03,1.203737780451774597e-02,-6.617072969675064087e-02,-1.184092983603477478e-01,-5.985431745648384094e-02,3.573020547628402710e-02,7.662428915500640869e-02,-1.262907683849334717e-01,-8.070758730173110962e-02,-1.168535556644201279e-02,2.454422414302825928e-02,-1.224688515067100525e-01,-8.870071172714233398e-02,5.345975980162620544e-02,-8.818443864583969116e-02,1.212343480437994003e-02,-6.199351325631141663e-02,1.377159450203180313e-02,-8.205625414848327637e-02,6.885892152786254883e-02,-1.476383768022060394e-02,-5.793881416320800781e-02,1.105879917740821838e-01,1.217193901538848877e-02,-6.460417807102203369e-02,-1.157929524779319763e-01,-6.194815039634704590e-02,1.818424835801124573e-02,-2.641100063920021057e-02,-1.126425713300704956e-01,3.547985851764678955e-02,-5.679280683398246765e-02,-4.405803047120571136e-03,-2.639527618885040283e-02,-6.886988878250122070e-02,-5.228462442755699158e-02,-1.089181303977966309e-01,-9.826646000146865845e-02,3.455829620361328125e-02,5.324878171086311340e-02,-1.254232376813888550e-01,-1.514886412769556046e-02,-4.705204814672470093e-02,-3.454083576798439026e-02,-1.277208328247070312e-01
8.895320445299148560e-02,3.278738260269165039e-02,2.146457135677337646e-01,2.303214222192764282e-01,-1.328044980764389038e-01,1.574144214391708374e-01,6.852856278419494629e-02,5.784254148602485657e-02,3.429205715656280518e-01,2.350378185510635376e-01,-1.763041615486145020e-01,1.579199135303497314e-01,-3.624100089073181152e-01,7.765527814626693726e-02,-1.323416382074356079e-01,-3.719925135374069214e-02,1.855895519256591797e-01,-1.790223568677902222e-01,2.128157913684844971e-01,1.084642484784126282e-01,1.620399951934814453e-01,1.260288506746292114e-01,4.161074757575988770e-01,-2.405057102441787720e-01,-2.361167408525943756e-02,9.889271855354309082e-02,1.186088472604751587e-01,1.832538098096847534e-01,1.110655590891838074e-01,2.452870607376098633e-01,1.694220900535583496e-01,5.299049615859985352e-02,2.018777728080749512e-01,1.012890040874481201e-01,4.991792142391204834e-02,-1.978961676359176636e-01,-3.372174128890037537e-02,-1.686348766088485718e-01,9.308848530054092407e-02,1.624870896339416504e-01,-6.035381928086280823e-02,6.184287071228027344e-01,9.964249730110168457e-01,5.467979237437248230e-02,3.008922375738620758e-02,9.649716317653656006e-02,1.122034266591072083e-01,4.145294800400733948e-02,2.575104236602783203e-01,-4.158176481723785400e-01,1.523146219551563263e-02,6.217438355088233948e-02,1.083093136548995972e-01,7.654122076928615570e-03,8.734037727117538452e-02,4.197145625948905945e-02,6.457810848951339722e-02,5.158362388610839844e-01,5.626664310693740845e-02,3.186858296394348145e-01,1.563516855239868164e-01,6.270461529493331909e-02,-1.821989119052886963e-01,2.052588462829589844e-01
-1.681180149316787720e-01,3.947303816676139832e-02,2.835963964462280273e-01,2.602694630622863770e-01,-1.198784708976745605e-01,1.107871253043413162e-02,1.586197689175605774e-02,4.523032531142234802e-02,2.837913930416107178e-01,2.759919166564941406e-01,1.756468415260314941e-01,2.362674325704574585e-01,-4.955293834209442139e-01,4.836868867278099060e-02,-9.431993961334228516e-02,4.387723281979560852e-02,6.854983419179916382e-02,-2.905185334384441376e-03,-2.962228357791900635e-01,-4.197704046964645386e-02,3.554579988121986389e-02,1.443455815315246582e-01,8.114267140626907349e-02,-1.808610558509826660e-02,-6.598651409149169922e-03,8.590235561132431030e-02,1.767201125621795654e-01,7.422635704278945923e-02,2.236082106828689575e-01,2.119014859199523926e-01,3.353178501129150391e-02,8.017344772815704346e-02,2.241865992546081543e-01,2.221785336732864380e-01,1.012603268027305603e-01,-4.848311841487884521e-01,1.363290101289749146e-01,-1.091313585638999939e-01,1.768363863229751587e-01,1.209901086986064911e-02,-1.834674552083015442e-02,5.698191523551940918e-01,1.004049062728881836e+00,-2.618089318275451660e-01,-1.421066373586654663e-01,8.579149097204208374e-02,1.264996975660324097e-01,1.751861162483692169e-02,1.539603173732757568e-01,-4.195888638496398926e-01,-4.493412375450134277e-02,-3.619135320186614990e-01,2.339276820421218872e-01,1.570512801408767700e-01,-3.256108462810516357e-01,-3.618476986885070801e-01,1.215816438198089600e-01,-1.292511671781539917e-01,-1.283475756645202637e-01,8.349639922380447388e-02,1.600552350282669067e-01,-1.525902003049850464e-02,-1.899973601102828979e-01,9.674911946058273315e-02
3.626612201333045959e-02,2.106858789920806885e-01,2.918419241905212402e-01,1.627774983644485474e-01,8.913670480251312256e-02,1.003036946058273315e-01,1.218275353312492371e-01,2.275433391332626343e-01,3.509965240955352783e-01,2.633187472820281982e-01,-2.685598134994506836e-01,1.080620661377906799e-01,-5.737082362174987793e-01,1.947576366364955902e-02,1.103727295994758606e-01,-1.379847377538681030e-01,1.715118288993835449e-01,1.063690930604934692e-01,1.146661639213562012e-01,2.126566916704177856e-01,3.977117314934730530e-02,2.410626709461212158e-01,-3.892721831798553467e-01,4.510708749294281006e-01,-6.002807244658470154e-02,1.636947691440582275e-01,-6.621589511632919312e-02,-4.015108570456504822e-03,9.037088602781295776e-02,8.883189409971237183e-02,6.200663372874259949e-02,9.994399547576904297e-02,1.187234148383140564e-01,-5.516400933265686035e-02,-2.530384622514247894e-02,1.369266211986541748e-01,2.021364271640777588e-01,-1.182902678847312927e-01,1.052581146359443665e-01,5.440731346607208252e-02,-3.030683286488056183e-02,2.950654029846191406e-01,7.312665879726409912e-02,3.573584929108619690e-02,1.414294447749853134e-02,1.012145057320594788e-01,1.421258598566055298e-01,1.298374235630035400e-01,-5.771747231483459473e-02,-3.640680611133575439e-01,3.130308091640472412e-01,-3.748920857906341553e-01,3.517667204141616821e-02,-7.493928074836730957e-02,-1.081365272402763367e-01,3.550987243652343750e-01,1.217394173145294189e-01,2.189891487360000610e-01,1.131784319877624512e-01,1.959020495414733887e-01,1.476745605468750000e-01,5.066681280732154846e-02,-3.539345860481262207e-01,1.269371062517166138e-01
2.506210468709468842e-02,5.831535160541534424e-02,2.210067361593246460e-01,1.926567107439041138e-01,-3.877397626638412476e-02,1.980513781309127808e-01,1.734603196382522583e-01,3.081407546997070312e-01,3.134193420410156250e-01,1.763235330581665039e-01,-1.718147695064544678e-01,8.607865124940872192e-02,-3.899279832839965820e-01,-3.572969231754541397e-03,1.260735988616943359e-01,6.654530763626098633e-02,2.929581701755523682e-01,-1.285983324050903320e-01,1.125054284930229187e-01,-7.376004476100206375e-03,1.558760087937116623e-02,2.420454919338226318e-01,-6.369416415691375732e-02,-4.182479530572891235e-02,-3.394176810979843140e-02,1.507452428340911865e-01,-1.959048062562942505e-01,1.787830293178558350e-01,3.320866823196411133e-02,2.135318219661712646e-01,1.581208258867263794e-01,1.531140655279159546e-01,9.211348742246627808e-02,1.506231129169464111e-01,1.934256851673126221e-01,1.974385082721710205e-01,4.384609870612621307e-03,-1.443224996328353882e-01,4.874359816312789917e-02,-7.640323787927627563e-02,-7.447325438261032104e-02,3.556997179985046387e-01,1.841461956501007080e-01,8.182369172573089600e-02,1.056454330682754517e-01,1.665877997875213623e-01,2.612565457820892334e-01,-6.841045338660478592e-03,1.132311671972274780e-01,-4.221685230731964111e-01,1.091920305043458939e-02,-2.459984570741653442e-01,-5.993592552840709686e-03,5.106068775057792664e-02,3.566516339778900146e-01,1.372649520635604858e-01,1.080131232738494873e-01,-3.300665915012359619e-01,1.363014131784439087e-01,2.364230751991271973e-01,2.141402512788772583e-01,1.935463696718215942e-01,-2.099239081144332886e-01,8.560610562562942505e-02
-7.233466487377882004e-03,1.203995645046234131e-01,2.008170187473297119e-01,1.543634682893753052e-01,-6.764441728591918945e-02,7.873315364122390747e-02,-6.415846198797225952e-02,2.225302606821060181e-01,2.958985865116119385e-01,1.302870810031890869e-01,2.316702716052532196e-02,8.809939771890640259e-02,-5.709578990936279297e-01,9.704049443826079369e-04,-2.549297548830509186e-02,-2.340047992765903473e-02,1.989911347627639771e-01,-6.005442142486572266e-02,8.261732012033462524e-02,4.603949934244155884e-02,1.135583594441413879e-01,2.266795188188552856e-01,1.525214524008333683e-03,-1.235820651054382324e-01,-1.807858645915985107e-01,2.851616740226745605e-01,-2.997896075248718262e-01,-1.998810283839702606e-02,2.445303052663803101e-01,2.944943308830261230e-01,-3.375039994716644287e-02,2.222777344286441803e-02,2.610907852649688721e-01,1.238329708576202393e-01,8.243730664253234863e-02,-1.700491160154342651e-01,1.387339830398559570e-01,9.587097913026809692e-02,5.150505900382995605e-02,2.690692059695720673e-02,1.404522657394409180e-01,4.304292798042297363e-01,2.017395496368408203e-01,1.026366576552391052e-01,-7.703354209661483765e-02,6.483222544193267822e-02,2.135637700557708740e-01,1.234827116131782532e-01,2.031390815973281860e-01,-4.134570956230163574e-01,-9.782512485980987549e-02,-1.748288422822952271e-01,2.423517405986785889e-02,2.197865955531597137e-02,1.305181682109832764e-01,-2.226007729768753052e-01,1.096505075693130493e-01,-5.637653470039367676e-01,-1.273910850286483765e-01,1.998123228549957275e-01,7.401948422193527222e-02,6.719696521759033203e-02,-5.637562647461891174e-02,3.022416532039642334e-01
-6.431593745946884155e-02,-3.278862833976745605e-01,2.352860718965530396e-01,7.516370713710784912e-02,-1.759151965379714966e-01,6.407161056995391846e-02,7.767526060342788696e-02,2.322551906108856201e-01,3.620468080043792725e-01,2.144608348608016968e-01,-3.238262236118316650e-02,2.853075861930847168e-01,-3.606528937816619873e-01,-1.259331107139587402e-01,9.996301680803298950e-02,-3.081460297107696533e-02,1.925338357686996460e-01,-5.270053073763847351e-02,2.009885758161544800e-01,1.159855052828788757e-01,8.310620673000812531e-03,2.357707768678665161e-01,4.989439249038696289e-02,1.174172759056091309e-01,-1.493936479091644287e-01,1.257378607988357544e-01,-1.290876418352127075e-01,1.953570693731307983e-01,1.438798457384109497e-01,6.000352278351783752e-02,2.770653963088989258e-01,8.007115125656127930e-02,1.877231746912002563e-01,8.700882643461227417e-02,2.026492059230804443e-01,-4.596717655658721924e-01,1.703745573759078979e-01,-8.795035630464553833e-02,1.880630701780319214e-01,-3.694398701190948486e-02,-2.955157309770584106e-02,4.876493811607360840e-01,-3.698357641696929932e-01,-5.553513020277023315e-02,1.228102743625640869e-01,2.648858428001403809e-01,2.886326611042022705e-01,5.430290102958679199e-02,1.531006693840026855e-01,-4.132353067398071289e-01,-5.745489522814750671e-02,-1.226240396499633789e-01,2.070013061165809631e-02,2.267672866582870483e-01,1.799328774213790894e-01,-8.443838916718959808e-03,1.686059497296810150e-02,-1.013659313321113586e-01,-3.355513140559196472e-02,2.385066896677017212e-01,1.904192566871643066e-01,1.498116999864578247e-01,-1.600687578320503235e-02,1.181723698973655701e-01
1.873224675655364990e-01,1.491179317235946655e-01,1.751794964075088501e-01,1.828043013811111450e-01,-1.136697903275489807e-01,5.000812560319900513e-02,1.533915549516677856e-01,9.877394884824752808e-02,2.404403835535049438e-01,3.017047047615051270e-01,3.171509131789207458e-02,2.697604596614837646e-01,-4.203987717628479004e-01,1.209287494421005249e-01,4.040861036628484726e-03,-1.590085923671722412e-01,2.114633768796920776e-01,2.127654403448104858e-01,9.591426700353622437e-03,1.205471158027648926e-01,1.695527583360671997e-01,1.832447797060012817e-01,-1.914606690406799316e-01,1.821183711290359497e-01,2.577639371156692505e-02,1.470677405595779419e-01,-6.086230650544166565e-02,9.017352014780044556e-02,7.277208566665649414e-02,4.633843526244163513e-02,1.776816099882125854e-01,1.374329775571823120e-01,3.059850633144378662e-01,-8.939399570226669312e-02,4.947181418538093567e-02,-4.660112559795379639e-01,2.246606647968292236e-01,-2.562097311019897461e-01,1.779339611530303955e-01,-5.858739465475082397e-02,-6.527625024318695068e-02,3.774398863315582275e-01,7.918473333120346069e-03,4.862818494439125061e-02,1.746343821287155151e-01,4.627142474055290222e-02,9.093446284532546997e-02,6.123470887541770935e-02,6.059439852833747864e-03,-1.942164897918701172e-01,-7.451452314853668213e-02,-1.724347770214080811e-01,-1.106641348451375961e-02,-1.125008147209882736e-02,2.990363240242004395e-01,-1.380817294120788574e-01,1.723808199167251587e-01,7.702186703681945801e-03,7.242454588413238525e-02,6.230812147259712219e-02,1.502715945243835449e-01,2.490856349468231201e-01,-1.836358457803726196e-01,2.318589538335800171e-01
1.974772661924362183e-01,-6.698574125766754150e-02,2.218746691942214966e-01,2.302033454179763794e-01,-9.872022271156311035e-02,4.030487313866615295e-02,1.362284868955612183e-01,2.193712592124938965e-01,2.223306894302368164e-01,1.904967427253723145e-01,1.109422221779823303e-01,2.207461893558502197e-01,-3.514076769351959229e-01,3.224151208996772766e-02,8.899062871932983398e-02,-1.317793279886245728e-01,1.849868893623352051e-01,7.901310920715332031e-02,1.430438011884689331e-01,2.102021723985671997e-01,9.894188493490219116e-02,1.881258934736251831e-01,-7.800874114036560059e-02,-2.500542402267456055e-01,1.992651075124740601e-01,9.509864449501037598e-02,6.537974625825881958e-02,1.096217706799507141e-01,9.905085712671279907e-02,2.022077143192291260e-01,2.461912930011749268e-01,1.428181529045104980e-01,1.730454415082931519e-01,2.982983365654945374e-02,1.547576636075973511e-01,-6.466621756553649902e-01,2.252524793148040771e-01,-1.681628078222274780e-01,2.144934386014938354e-01,-5.071554332971572876e-02,-4.603238031268119812e-02,3.416624367237091064e-01,-2.385007739067077637e-01,4.441941529512405396e-02,8.368972688913345337e-02,1.694267839193344116e-01,1.323381662368774414e-01,1.683207899332046509e-01,1.707344204187393188e-01,-3.185545802116394043e-01,4.341875016689300537e-02,-2.628951668739318848e-01,7.031135261058807373e-02,-3.415665775537490845e-02,3.765064477920532227e-01,-1.810962855815887451e-01,1.372884958982467651e-01,-1.656015664339065552e-01,-1.476332545280456543e-02,2.917661964893341064e-01,1.294584125280380249e-01,6.212151423096656799e-02,1.357345730066299438e-01,2.365478426218032837e-01
6.097302585840225220e-02,-4.802578389644622803e-01,1.969534754753112793e-01,3.228403627872467041e-01,-1.233971416950225830e-01,7.624372094869613647e-02,1.340874880552291870e-01,1.672585755586624146e-01,1.675836890935897827e-01,2.012174427509307861e-01,-1.634321808815002441e-01,1.633086651563644409e-01,-3.354726135730743408e-01,-9.959594905376434326e-02,-1.593701541423797607e-01,-2.018254995346069336e-02,1.563432216644287109e-01,-2.332627326250076294e-01,4.858906865119934082e-01,5.625474080443382263e-02,3.781528398394584656e-02,6.183090060949325562e-02,1.030722260475158691e-01,-2.177231609821319580e-01,-1.745212227106094360e-01,1.583332568407058716e-01,-3.370810672640800476e-02,2.535139583051204681e-02,9.244989603757858276e-02,1.570478528738021851e-01,2.371989637613296509e-01,2.615033984184265137e-01,3.888340890407562256e-01,1.695375330746173859e-02,5.994133651256561279e-02,9.828177839517593384e-02,-2.704486250877380371e-02,-1.500898301601409912e-01,1.740518510341644287e-01,1.164038255810737610e-01,-1.191527694463729858e-01,7.323905825614929199e-01,-9.290067106485366821e-02,-9.522113204002380371e-02,-1.029280647635459900e-01,1.417616456747055054e-01,2.223588824272155762e-01,1.047363784164190292e-02,8.171920478343963623e-02,-2.627556025981903076e-01,-1.120511218905448914e-01,-4.466955736279487610e-02,-1.107948273420333862e-01,7.733048498630523682e-02,-1.377152502536773682e-01,1.577309966087341309e-01,2.594293467700481415e-02,1.311253011226654053e-01,-2.556487321853637695e-01,2.596054673194885254e-01,1.761398315429687500e-01,5.203731358051300049e-03,-1.686769872903823853e-01,1.031440868973731995e-01
-2.248680889606475830e-01,1.349120587110519409e-01,1.544539481401443481e-01,1.897060275077819824e-01,-1.505802422761917114e-01,1.078209280967712402e-01,5.475946888327598572e-02,2.755522429943084717e-01,3.118273019790649414e-01,2.144474834203720093e-01,-2.804883420467376709e-01,2.163956314325332642e-01,-5.194340348243713379e-01,-6.611003726720809937e-02,-1.044442355632781982e-01,5.193544924259185791e-02,2.772043645381927490e-01,4.063885211944580078e-01,9.817201644182205200e-02,5.326499417424201965e-02,1.271328032016754150e-01,1.857772842049598694e-02,1.681335866451263428e-01,3.313201069831848145e-01,-1.663390994071960449e-01,1.724936366081237793e-01,-2.122191190719604492e-01,8.883634954690933228e-02,4.450871422886848450e-02,7.216706871986389160e-02,9.299912303686141968e-02,-5.455739796161651611e-02,2.274462580680847168e-01,2.329571098089218140e-01,1.294540464878082275e-01,-2.579800784587860107e-01,-8.486151695251464844e-02,1.574027165770530701e-02,-2.649885229766368866e-02,-5.660258233547210693e-02,1.547973323613405228e-02,2.787858247756958008e-01,3.538792431354522705e-01,2.570528090000152588e-01,-2.845036387443542480e-01,-1.648699194192886353e-01,3.117974400520324707e-01,-6.037077307701110840e-02,2.639955580234527588e-01,-5.917341113090515137e-01,3.926946818828582764e-01,-2.230346351861953735e-01,8.772037923336029053e-02,1.123976185917854309e-01,-8.110191673040390015e-02,-9.447750635445117950e-03,1.892281919717788696e-01,1.704846620559692383e-01,-2.360078506171703339e-02,3.010901510715484619e-01,-6.083984300494194031e-02,1.077920943498611450e-01,-2.739276885986328125e-01,1.956214308738708496e-01
1.695561036467552185e-02,-5.511550977826118469e-02,2.209840714931488037e-01,1.026106923818588257e-01,-1.848136484622955322e-01,3.020190820097923279e-02,1.007762849330902100e-01,1.106151789426803589e-01,3.616914451122283936e-01,1.052307561039924622e-01,3.243589401245117188e-02,1.270485073328018188e-01,-5.181342363357543945e-01,8.388008922338485718e-02,-1.400682330131530762e-01,1.795418187975883484e-02,2.678579390048980713e-01,-1.322309970855712891e-01,8.883310109376907349e-02,-2.143576554954051971e-02,1.259039491415023804e-01,1.825627684593200684e-01,-1.411055624485015869e-01,4.069865122437477112e-02,-2.435417920351028442e-01,1.184320598840713501e-01,-6.803060322999954224e-02,6.954643875360488892e-02,6.007600203156471252e-02,2.091619223356246948e-01,2.051524519920349121e-01,9.078416973352432251e-02,2.353503257036209106e-01,1.840276420116424561e-01,1.930951327085494995e-01,-2.770029306411743164e-01,1.778167635202407837e-01,-1.767768897116184235e-02,1.471480429172515869e-01,-6.711100786924362183e-02,-4.181735217571258545e-02,3.820883333683013916e-01,-3.642727434635162354e-01,1.567255556583404541e-01,-8.871857821941375732e-02,1.583284437656402588e-01,1.265716105699539185e-01,-1.104056648910045624e-02,1.051354855298995972e-01,-4.219972789287567139e-01,-8.965989947319030762e-01,-1.748864501714706421e-01,-1.282021999359130859e-01,9.720843285322189331e-03,1.842691451311111450e-01,1.854978315532207489e-02,4.054130986332893372e-02,1.274604797363281250e-01,-3.066321611404418945e-01,2.228300124406814575e-01,4.326639324426651001e-02,2.670975923538208008e-01,-2.306024581193923950e-01,1.566926240921020508e-01
-1.611522212624549866e-02,-3.647011816501617432e-01,3.608380556106567383e-01,2.926960587501525879e-01,-2.081725150346755981e-01,1.763121783733367920e-01,-8.368081599473953247e-02,1.778253763914108276e-01,3.721252083778381348e-01,2.850865721702575684e-01,-1.868557631969451904e-01,1.025094538927078247e-01,-5.194956660270690918e-01,-1.048417910933494568e-01,-1.179747506976127625e-01,-1.756298691034317017e-01,2.747186720371246338e-01,2.018970698118209839e-01,1.512793749570846558e-01,2.465177625417709351e-01,1.003722324967384338e-01,2.123570740222930908e-01,1.183489933609962463e-01,-1.882442981004714966e-01,-1.224338263273239136e-01,7.494784146547317505e-02,-3.815983608365058899e-02,6.177687272429466248e-02,-6.167155224829912186e-03,1.296934187412261963e-01,1.419618427753448486e-01,8.696167916059494019e-02,2.493301630020141602e-01,6.385942548513412476e-02,2.756854295730590820e-01,-6.029200553894042969e-01,2.232590764760971069e-01,5.095226224511861801e-03,1.807138472795486450e-01,-7.932774722576141357e-02,7.460671477019786835e-03,6.277511715888977051e-01,3.809670507907867432e-01,2.000900357961654663e-02,-9.597625583410263062e-02,-4.249292612075805664e-02,1.618180274963378906e-01,1.225935518741607666e-01,-1.441660616546869278e-02,-5.190584063529968262e-01,-2.419067770242691040e-01,-2.861952781677246094e-02,-8.079282194375991821e-02,-1.115030376240611076e-03,1.282451599836349487e-01,-2.271740138530731201e-01,1.853068619966506958e-01,-2.075458616018295288e-01,-3.694524988532066345e-02,3.369888365268707275e-01,2.022798359394073486e-01,1.672191768884658813e-01,-1.432935148477554321e-01,1.836358308792114258e-01
2.995179593563079834e-01,1.651989519596099854e-01,-8.850165456533432007e-02,4.959112405776977539e-02,4.764789044857025146e-01,4.092745482921600342e-01,2.221486270427703857e-01,-1.910372227430343628e-01,-4.164951741695404053e-01,-2.531669437885284424e-01,4.092725813388824463e-01,-2.315388619899749756e-01,7.066669464111328125e-01,3.450322747230529785e-01,2.001370489597320557e-01,4.442664980888366699e-01,-3.675635159015655518e-01,-2.456904649734497070e-01,2.054161578416824341e-01,6.086068600416183472e-02,4.422708973288536072e-02,-7.335419207811355591e-02,1.975159943103790283e-01,-3.664455711841583252e-01,4.099929034709930420e-01,-2.914584986865520477e-02,2.419238239526748657e-01,1.504304856061935425e-01,1.903650760650634766e-01,-4.242322221398353577e-02,2.251139096915721893e-02,1.231156587600708008e-01,-4.818245396018028259e-02,1.064845323562622070e-01,9.922704845666885376e-02,9.143948554992675781e-02,3.745812550187110901e-02,2.745054066181182861e-01,1.236520633101463318e-01,1.123525016009807587e-02,4.118916690349578857e-01,-3.188363611698150635e-01,-4.116112887859344482e-01,5.258211866021156311e-02,3.343451619148254395e-01,1.227256283164024353e-01,-2.531662285327911377e-01,3.163528144359588623e-01,2.251159399747848511e-01,8.778134584426879883e-01,4.420704767107963562e-02,5.453514456748962402e-01,4.433779716491699219e-01,3.085277974605560303e-01,-1.450421847403049469e-02,5.524936690926551819e-02,-7.699002977460622787e-03,1.184333115816116333e-01,9.600596874952316284e-02,-7.248674333095550537e-02,1.511504799127578735e-01,1.090575158596038818e-01,4.479584395885467529e-01,-2.919432222843170166e-01
-1.398520171642303467e-01,-4.076052308082580566e-01,1.525711417198181152e-01,2.940585911273956299e-01,-1.423730552196502686e-01,1.953230202198028564e-01,-1.092293038964271545e-01,6.200307235121726990e-02,2.199765145778656006e-01,1.308113932609558105e-01,-1.119093298912048340e-01,2.182787507772445679e-01,-4.357122480869293213e-01,2.905856445431709290e-02,-2.375569641590118408e-01,3.438851609826087952e-02,3.088203668594360352e-01,-2.200121879577636719e-01,5.314492061734199524e-02,-2.213246421888470650e-03,1.914650350809097290e-01,1.818592697381973267e-01,2.364515530643984675e-04,-2.033540010452270508e-01,-1.824624240398406982e-01,1.849203705787658691e-01,-3.757151067256927490e-01,9.324745833873748779e-02,2.168571203947067261e-01,2.606129944324493408e-01,-1.267555821686983109e-02,1.123605296015739441e-01,1.215666159987449646e-01,1.260390430688858032e-01,1.702179908752441406e-01,-2.477909922599792480e-01,2.376390807330608368e-02,-1.928459294140338898e-02,2.160422950983047485e-01,-2.016205713152885437e-02,-5.908507481217384338e-02,3.837778568267822266e-01,-6.497626304626464844e-01,1.180854141712188721e-01,2.288791723549365997e-02,-3.978164866566658020e-02,3.303254246711730957e-01,6.799110025167465210e-02,9.519673883914947510e-02,-5.212059020996093750e-01,-9.192109107971191406e-01,-8.572835475206375122e-02,-2.760790586471557617e-01,1.658523641526699066e-02,5.121103301644325256e-02,2.533943653106689453e-01,-1.726903580129146576e-02,2.413043826818466187e-01,-2.713815569877624512e-01,2.796443104743957520e-01,9.559497982263565063e-02,5.398242920637130737e-02,-1.492053121328353882e-01,3.000089526176452637e-01
3.310167789459228516e-01,2.225643843412399292e-01,-8.260318636894226074e-02,1.942291297018527985e-02,3.858840763568878174e-01,2.175931185483932495e-01,3.641936182975769043e-01,-9.173663705587387085e-02,-2.048144936561584473e-01,-1.284940242767333984e-01,1.400395482778549194e-01,-1.789096295833587646e-01,7.975308895111083984e-01,3.748801946640014648e-01,1.540675610303878784e-01,4.009548425674438477e-01,-3.171663582324981689e-01,1.332648545503616333e-01,-1.452800333499908447e-01,-9.172306209802627563e-02,-9.690722078084945679e-02,2.504883520305156708e-02,3.416054844856262207e-01,-1.372351497411727905e-01,3.260903060436248779e-01,-1.069274824112653732e-02,1.109140887856483459e-01,2.411755174398422241e-01,7.265438139438629150e-02,1.656369417905807495e-01,8.085141889750957489e-03,1.633391976356506348e-01,2.965848445892333984e-01,1.825339347124099731e-01,-1.195335388183593750e-01,3.763198256492614746e-01,-3.908827900886535645e-01,1.688869744539260864e-01,-6.407257169485092163e-03,3.317878544330596924e-01,3.707453608512878418e-01,-4.486029446125030518e-01,-1.820982433855533600e-02,-1.740988343954086304e-01,1.153199300169944763e-01,1.542690694332122803e-01,-1.425015181303024292e-01,3.745039105415344238e-01,2.790735065937042236e-01,8.749641776084899902e-01,1.048311591148376465e-01,3.532178103923797607e-01,3.035719096660614014e-01,2.235277295112609863e-01,1.668301373720169067e-01,-1.332813315093517303e-02,1.421772688627243042e-01,2.048648148775100708e-01,5.930385738611221313e-02,6.561019457876682281e-03,-1.080001424998044968e-02,9.147454798221588135e-02,3.380853235721588135e-01,-2.098398506641387939e-01
-1.846875548362731934e-01,-8.910791017115116119e-03,1.138885617256164551e-01,9.885292500257492065e-02,-9.766022115945816040e-02,9.029329754412174225e-03,-4.903464019298553467e-02,1.787437796592712402e-01,1.508884727954864502e-01,1.276356428861618042e-01,-2.647382020950317383e-01,2.186565548181533813e-01,-3.326744437217712402e-01,-1.217312365770339966e-02,7.225368171930313110e-02,1.551327295601367950e-02,3.536553084850311279e-01,4.373292326927185059e-01,1.704345792531967163e-01,-3.094262501690536737e-04,8.888104557991027832e-02,1.489232033491134644e-01,-2.106888145208358765e-01,5.075366497039794922e-01,4.629161581397056580e-02,-2.720548957586288452e-02,-1.134753376245498657e-01,-2.370340004563331604e-02,3.864974156022071838e-02,1.905532628297805786e-01,2.067839056253433228e-01,9.290577471256256104e-02,1.160458698868751526e-01,2.066067419946193695e-03,9.317824244499206543e-02,1.813791543245315552e-01,1.009630411863327026e-01,-1.440233290195465088e-01,2.003328204154968262e-01,3.843320906162261963e-02,1.961440220475196838e-02,3.616095185279846191e-01,3.485336899757385254e-01,9.762311726808547974e-02,1.579662561416625977e-01,1.238283216953277588e-01,1.640065908432006836e-01,-2.738554961979389191e-02,6.658347696065902710e-02,-2.487728595733642578e-01,2.840188741683959961e-01,-1.489067524671554565e-01,-7.866913825273513794e-02,3.317467123270034790e-02,9.412971884012222290e-02,6.838805228471755981e-02,2.281860411167144775e-01,1.142511367797851562e-01,1.198941245675086975e-01,1.813502311706542969e-01,1.367503404617309570e-01,2.441306412220001221e-01,-2.348310649394989014e-01,4.367686063051223755e-02
1.510566174983978271e-01,7.527262717485427856e-02,2.564904093742370605e-01,1.918934583663940430e-01,-9.420612454414367676e-02,3.347134217619895935e-02,1.359401792287826538e-01,1.202920302748680115e-01,3.465547263622283936e-01,2.605637609958648682e-01,-5.171315371990203857e-02,1.170326471328735352e-01,-3.215936124324798584e-01,9.085669182240962982e-03,-1.245450451970100403e-01,-3.749846667051315308e-02,1.875100731849670410e-01,-8.987505733966827393e-02,1.510273963212966919e-01,5.409057810902595520e-02,2.137367874383926392e-01,5.855534970760345459e-02,-1.917519420385360718e-01,2.199769467115402222e-01,7.877606153488159180e-02,2.488815225660800934e-02,-8.076450228691101074e-02,1.114219501614570618e-01,7.548088580369949341e-02,5.938200652599334717e-02,2.112942039966583252e-01,4.135156050324440002e-02,1.455155909061431885e-01,2.140288986265659332e-02,5.541460961103439331e-02,-7.364252209663391113e-02,3.192608356475830078e-01,-1.047812700271606445e-01,2.635641992092132568e-01,5.527653172612190247e-02,1.354389935731887817e-01,5.365343093872070312e-01,-9.436949342489242554e-02,9.101049043238162994e-03,-7.242538034915924072e-02,6.195373460650444031e-02,2.509205341339111328e-01,1.135333254933357239e-01,-7.498632185161113739e-03,-4.339780509471893311e-01,1.150752156972885132e-01,-9.391391277313232422e-02,3.520885109901428223e-02,3.428995609283447266e-02,-1.217920035123825073e-01,3.017745912075042725e-01,3.528808057308197021e-02,4.607729613780975342e-02,-3.616968914866447449e-02,1.615157127380371094e-01,2.043744623661041260e-01,1.754978150129318237e-01,-1.808429658412933350e-01,2.954450547695159912e-01
-5.107415467500686646e-02,-6.028404235839843750e-01,2.202609330415725708e-01,1.217683926224708557e-01,-1.206943485885858536e-02,1.557806320488452911e-02,-6.796404719352722168e-02,1.249539405107498169e-01,3.334497511386871338e-01,2.528098523616790771e-01,-6.504875421524047852e-02,3.083203732967376709e-01,-6.381384134292602539e-01,-1.133507490158081055e-01,-6.469502579420804977e-03,-2.977502942085266113e-01,2.207325100898742676e-01,-4.409983158111572266e-01,1.771936118602752686e-01,2.730891667306423187e-02,1.671352535486221313e-01,5.880458652973175049e-02,9.195921570062637329e-02,1.050780415534973145e-01,-4.310361742973327637e-01,1.724574267864227295e-01,-1.160943359136581421e-01,2.157948762178421021e-01,6.403588503599166870e-02,1.188286393880844116e-01,-1.467960327863693237e-01,1.803072839975357056e-01,1.797339618206024170e-01,-4.774752631783485413e-02,2.201669067144393921e-01,-8.934936672449111938e-02,-7.697522640228271484e-02,-2.640958875417709351e-02,2.440625615417957306e-02,1.225998178124427795e-01,3.759882412850856781e-03,4.336467981338500977e-01,1.347744464874267578e+00,2.312823086977005005e-01,-9.815396368503570557e-02,1.682518422603607178e-01,1.759853810071945190e-01,-7.117741554975509644e-02,-4.193292930722236633e-03,-7.369315624237060547e-01,-8.621594309806823730e-02,-1.510260999202728271e-01,-9.801621735095977783e-02,9.204677492380142212e-02,3.447098135948181152e-01,1.012574210762977600e-01,4.772927612066268921e-02,-7.306188344955444336e-02,-1.729082614183425903e-01,2.932737171649932861e-01,-1.334904283285140991e-01,1.010605171322822571e-01,-1.665940731763839722e-01,2.621700167655944824e-01
8.056467771530151367e-02,-3.956532850861549377e-02,1.147330924868583679e-01,2.744218707084655762e-01,-1.773381829261779785e-01,1.376434415578842163e-01,1.133141294121742249e-01,2.868945002555847168e-01,3.488994836807250977e-01,1.929910928010940552e-01,-2.051657587289810181e-01,1.549960672855377197e-01,-3.628163635730743408e-01,1.041970914229750633e-03,9.003726392984390259e-02,-1.485712081193923950e-01,2.028774321079254150e-01,6.732032168656587601e-03,1.690665259957313538e-02,3.082229197025299072e-02,1.931411772966384888e-01,1.582698225975036621e-01,-7.370768487453460693e-02,6.927168369293212891e-02,-1.454116702079772949e-01,1.995135694742202759e-01,-1.956194490194320679e-01,1.836931854486465454e-01,1.424423903226852417e-01,1.957122683525085449e-01,9.915795922279357910e-02,1.523354500532150269e-01,2.949750423431396484e-01,1.109441742300987244e-02,-1.031545340083539486e-03,-1.125563960522413254e-02,3.348096087574958801e-02,-6.947074830532073975e-02,6.115804240107536316e-02,-6.278571486473083496e-02,-8.872034400701522827e-02,5.207706093788146973e-01,-9.659802168607711792e-02,-1.884487271308898926e-02,9.008871018886566162e-02,1.913541704416275024e-01,1.101288571953773499e-01,1.451212167739868164e-01,7.134810090065002441e-02,-2.848907411098480225e-01,5.417474359273910522e-02,-2.164614647626876831e-01,-4.144427180290222168e-02,1.219196319580078125e-01,2.768185436725616455e-01,-3.232175484299659729e-02,3.817915916442871094e-02,-6.338131427764892578e-02,-4.922916367650032043e-02,6.310641020536422729e-02,2.341407537460327148e-01,6.468975543975830078e-02,-7.636451721191406250e-02,1.674313694238662720e-01
1.110266670584678650e-01,-2.766114473342895508e-01,2.541281580924987793e-01,2.693972885608673096e-01,-5.775540322065353394e-02,1.915866434574127197e-01,2.262929454445838928e-02,2.671175599098205566e-01,1.637658774852752686e-01,2.364927828311920166e-01,-6.665417551994323730e-02,1.095718219876289368e-01,-5.165830850601196289e-01,-1.361236125230789185e-01,7.195392996072769165e-02,-1.233904436230659485e-01,2.431083768606185913e-01,7.664293050765991211e-02,4.852961574215441942e-04,7.654341310262680054e-02,1.232566386461257935e-01,2.647502422332763672e-01,-1.453830003738403320e-01,1.252936571836471558e-01,-9.183765947818756104e-02,1.749923974275588989e-01,-2.365890592336654663e-01,4.139604791998863220e-02,1.988754719495773315e-01,7.649493962526321411e-02,1.388618052005767822e-01,4.352376610040664673e-02,2.822278738021850586e-01,1.938807368278503418e-01,2.163363806903362274e-02,-4.163670241832733154e-01,1.713416874408721924e-01,-1.152780205011367798e-01,1.060480903834104538e-02,1.231181528419256210e-02,1.258494406938552856e-01,3.547242581844329834e-01,8.918468356132507324e-01,1.090180650353431702e-01,1.486953943967819214e-01,-2.180367335677146912e-02,2.866916060447692871e-01,1.381254047155380249e-01,2.026458382606506348e-01,-4.277325868606567383e-01,2.843328416347503662e-01,-1.015505194664001465e-01,-2.436398118734359741e-01,1.490172445774078369e-01,-5.310045927762985229e-02,4.365376383066177368e-02,3.633639588952064514e-02,-2.005860768258571625e-02,-1.701466888189315796e-01,1.133403182029724121e-01,1.500404477119445801e-01,2.525012195110321045e-01,-1.715057492256164551e-01,2.867038547992706299e-01
5.031298100948333740e-02,-9.040057659149169922e-02,1.309399753808975220e-01,1.121846586465835571e-01,-4.254775866866111755e-02,1.978477835655212402e-01,1.112003549933433533e-01,1.043288856744766235e-01,1.362492740154266357e-01,2.579909861087799072e-01,-2.199445152655243874e-03,1.243776828050613403e-01,-3.536983132362365723e-01,1.183240208774805069e-02,1.357700079679489136e-01,-1.372963786125183105e-01,2.203018367290496826e-01,1.091318950057029724e-01,1.960667520761489868e-01,8.450091630220413208e-02,2.072413563728332520e-01,1.025468856096267700e-01,-3.357018902897834778e-02,6.908138841390609741e-02,-1.383287757635116577e-01,1.891059218905866146e-03,-4.879643023014068604e-01,1.877797991037368774e-01,1.172481104731559753e-01,1.347186118364334106e-01,2.142699509859085083e-01,5.526467412710189819e-02,1.098370552062988281e-01,4.980552196502685547e-02,2.010868340730667114e-01,6.024106219410896301e-02,4.585697874426841736e-02,-3.553202142938971519e-03,1.083220764994621277e-01,1.238682568073272705e-01,-1.006841734051704407e-01,5.939249992370605469e-01,3.575824499130249023e-01,-5.524706467986106873e-02,-1.097092181444168091e-01,1.435486972332000732e-01,2.020373046398162842e-01,-7.701573520898818970e-02,1.659221202135086060e-01,-4.779141545295715332e-01,-9.031046181917190552e-02,-3.074597418308258057e-01,-1.652778685092926025e-01,-2.408592961728572845e-02,4.068388417363166809e-02,1.079636961221694946e-01,1.573848128318786621e-01,-1.472838781774044037e-02,6.869207322597503662e-02,2.943575084209442139e-01,1.536736339330673218e-01,1.559871435165405273e-01,-6.031355634331703186e-02,7.449953258037567139e-02
-1.157044470310211182e-01,-2.002833485603332520e-01,1.635254770517349243e-01,1.644120365381240845e-01,-2.152011096477508545e-01,1.476787477731704712e-01,1.198806166648864746e-01,3.048267960548400879e-01,3.213433921337127686e-01,2.302971482276916504e-01,-1.209140941500663757e-01,2.662544548511505127e-01,-3.179897367954254150e-01,2.765467949211597443e-02,3.659813851118087769e-02,4.644069075584411621e-02,2.898737490177154541e-01,-1.639175713062286377e-01,4.408135637640953064e-02,5.397789180278778076e-02,1.350163370370864868e-01,1.838509887456893921e-01,-8.652169257402420044e-02,-7.815181463956832886e-02,-1.674954146146774292e-01,6.070407852530479431e-02,-1.684254556894302368e-01,1.939254067838191986e-02,1.338370591402053833e-01,2.675396800041198730e-01,1.754649281501770020e-01,1.982954293489456177e-01,2.477501332759857178e-01,1.795280426740646362e-01,2.260788381099700928e-01,1.332700997591018677e-01,1.097469404339790344e-01,-1.212212741374969482e-01,2.521471083164215088e-01,-4.952334333211183548e-03,3.735649213194847107e-02,4.404953420162200928e-01,5.034652948379516602e-01,9.279017150402069092e-02,-5.669586732983589172e-02,1.366683691740036011e-01,3.167967200279235840e-01,-2.793910354375839233e-02,1.853947713971138000e-02,-2.720112800598144531e-01,-6.332319229841232300e-02,-1.808395534753799438e-01,5.344737321138381958e-02,1.576978415250778198e-01,-6.011411175131797791e-02,-2.742538154125213623e-01,1.254134476184844971e-01,-5.334545671939849854e-02,-1.230457946658134460e-01,2.656183540821075439e-01,9.622441977262496948e-02,2.036666274070739746e-01,1.861372776329517365e-02,2.160400748252868652e-01
1.448494195938110352e-01,1.737035112455487251e-03,1.451976299285888672e-01,2.681556046009063721e-01,-6.497485935688018799e-02,2.043814361095428467e-01,1.147942543029785156e-01,1.654932796955108643e-01,3.034403920173645020e-01,2.002656012773513794e-01,6.697276234626770020e-02,6.902506947517395020e-02,-3.929145336151123047e-01,2.059416659176349640e-02,8.527091145515441895e-02,-1.350003480911254883e-01,2.276946157217025757e-01,-9.666942059993743896e-02,2.386531978845596313e-01,3.087992034852504730e-02,1.097034290432929993e-01,2.832864820957183838e-01,-1.119968891143798828e-01,-2.118539065122604370e-01,6.029129773378372192e-02,7.155416160821914673e-02,-2.740674614906311035e-01,6.960988789796829224e-02,1.487315595149993896e-01,4.432741925120353699e-02,4.841183871030807495e-02,1.964918375015258789e-01,2.422146350145339966e-01,-4.335084930062294006e-02,-6.945681571960449219e-02,-9.569552727043628693e-03,1.837343275547027588e-01,-2.204269729554653168e-02,1.530460715293884277e-01,6.608424335718154907e-02,1.161422803997993469e-01,4.183637797832489014e-01,9.078518301248550415e-02,-3.884968161582946777e-02,1.513512134552001953e-01,1.825407296419143677e-01,2.430927753448486328e-01,-2.682091668248176575e-02,-8.107482455670833588e-03,-4.770595729351043701e-01,-4.386063516139984131e-01,-4.633263871073722839e-02,1.509120464324951172e-01,2.233087643980979919e-02,2.484666258096694946e-01,-1.899349987506866455e-01,1.997302472591400146e-02,-2.127890288829803467e-01,-1.957619376480579376e-02,2.217378467321395874e-01,-1.937520131468772888e-02,2.322394847869873047e-01,-1.592811942100524902e-02,8.179055899381637573e-02
7.356507331132888794e-02,-6.697458680719137192e-03,2.428554594516754150e-01,1.832022517919540405e-01,1.571934111416339874e-02,3.114265948534011841e-02,5.474615469574928284e-02,2.144695520401000977e-01,2.295082062482833862e-01,2.500522732734680176e-01,-1.108578741550445557e-01,2.557729780673980713e-01,-3.826453685760498047e-01,1.067324653267860413e-01,-4.412046447396278381e-02,-6.841250509023666382e-02,1.061852946877479553e-01,1.527026742696762085e-01,-1.101830825209617615e-01,1.280772984027862549e-01,5.096014216542243958e-02,1.330290436744689941e-01,-8.924698084592819214e-02,8.251338452100753784e-02,1.797325015068054199e-01,2.147994190454483032e-01,-3.367843572050333023e-03,1.234278902411460876e-01,4.196964949369430542e-02,6.180622056126594543e-02,9.749422222375869751e-02,1.360552012920379639e-01,2.020579278469085693e-01,-2.210635505616664886e-02,-1.212992891669273376e-01,-3.304829001426696777e-01,1.314875483512878418e-01,-2.246628403663635254e-01,2.253794372081756592e-01,1.093709692358970642e-01,7.219205796718597412e-02,3.000464141368865967e-01,1.174065917730331421e-01,3.508256748318672180e-02,1.306557208299636841e-01,7.992414385080337524e-02,2.636435925960540771e-01,2.056468576192855835e-01,1.319779455661773682e-01,-2.849833667278289795e-01,-2.544767409563064575e-02,-2.468339502811431885e-01,4.883861914277076721e-02,-6.110300496220588684e-02,3.793909028172492981e-02,-4.180757701396942139e-01,1.492221355438232422e-01,-1.979942061007022858e-02,1.324522048234939575e-01,5.911880359053611755e-02,1.095897108316421509e-01,5.665662884712219238e-02,-5.935239791870117188e-02,2.239187359809875488e-01
-7.336778938770294189e-02,-1.571101509034633636e-02,1.475085467100143433e-01,2.190889865159988403e-01,-2.117919502779841423e-03,-6.272325757890939713e-03,1.706958711147308350e-01,9.438373148441314697e-02,2.800586521625518799e-01,3.197782933712005615e-01,-7.257639616727828979e-02,2.317736893892288208e-01,-3.271431624889373779e-01,1.052942126989364624e-01,3.850057255476713181e-03,-9.165863692760467529e-02,3.158752322196960449e-01,8.093212544918060303e-02,-2.724776230752468109e-02,2.580009102821350098e-01,2.154285907745361328e-01,4.637626931071281433e-02,-5.644937232136726379e-02,1.402861177921295166e-01,6.122233718633651733e-02,1.538669764995574951e-01,-1.711435168981552124e-01,3.098144661635160446e-03,4.818150773644447327e-02,2.270784080028533936e-01,6.573984771966934204e-02,5.287491157650947571e-02,2.326204776763916016e-01,1.574498414993286133e-01,3.759862482547760010e-02,-5.546218156814575195e-01,2.058008760213851929e-01,-8.219981193542480469e-02,2.798338830471038818e-01,8.321978151798248291e-02,-6.277786940336227417e-02,3.881109058856964111e-01,-2.603365182876586914e-01,8.463485166430473328e-03,1.160357147455215454e-01,1.961371600627899170e-01,2.620535492897033691e-01,6.834952533245086670e-02,-3.356837481260299683e-02,-2.772777676582336426e-01,1.082484144717454910e-02,-9.430672973394393921e-02,-5.873768031597137451e-02,5.587968602776527405e-02,-1.543982326984405518e-01,-1.754280626773834229e-01,6.361501663923263550e-02,-1.699582785367965698e-01,-8.891076594591140747e-02,2.228630781173706055e-01,1.331709474325180054e-01,7.088347524404525757e-02,-1.763118505477905273e-01,8.854668587446212769e-02
1.185386404395103455e-01,-1.768816858530044556e-01,2.055344730615615845e-01,2.883321344852447510e-01,-5.934971943497657776e-02,2.343268543481826782e-01,-7.187296450138092041e-02,2.917535901069641113e-01,1.556156277656555176e-01,1.112214773893356323e-01,-5.382163915783166885e-03,7.419646531343460083e-02,-4.140112400054931641e-01,6.670979410409927368e-02,-8.148553967475891113e-02,-1.562677882611751556e-02,1.476012170314788818e-01,-1.629564166069030762e-01,-9.784345328807830811e-02,1.105858609080314636e-01,1.595962047576904297e-01,1.263307034969329834e-01,-2.879843413829803467e-01,8.242911100387573242e-02,1.562471687793731689e-01,2.475205063819885254e-01,-1.725812554359436035e-01,9.317064285278320312e-02,7.078321278095245361e-02,2.027771919965744019e-01,1.548673510551452637e-01,1.147237569093704224e-01,1.441401094198226929e-01,-1.424713581800460815e-01,-1.034834310412406921e-01,-3.435292840003967285e-01,4.311988055706024170e-01,-1.647250056266784668e-01,2.946913540363311768e-01,-4.231875762343406677e-02,-2.670880779623985291e-02,3.739649951457977295e-01,-6.592468023300170898e-01,-5.930911749601364136e-02,1.667710840702056885e-01,6.924882531166076660e-02,9.079290181398391724e-02,1.782224625349044800e-01,-7.795605808496475220e-02,-4.641694724559783936e-01,-1.257608383893966675e-01,-3.099140524864196777e-01,-9.550799429416656494e-02,2.214313894510269165e-01,6.342254579067230225e-02,-4.047103226184844971e-01,3.354015946388244629e-02,-3.410834074020385742e-01,-7.069366518408060074e-03,1.279350519180297852e-01,7.386185973882675171e-02,4.151780903339385986e-02,1.417197883129119873e-01,1.937242746353149414e-01
-1.595962047576904297e-02,-2.974435985088348389e-01,1.621398478746414185e-01,1.048608869314193726e-01,-6.312310695648193359e-02,7.721237093210220337e-02,2.664725109934806824e-02,2.603433132171630859e-01,1.256834715604782104e-01,2.811897993087768555e-01,-1.187509000301361084e-01,5.852739140391349792e-02,-3.970954120159149170e-01,1.024305820465087891e-01,3.870622813701629639e-02,-1.691175401210784912e-01,1.622117161750793457e-01,-1.924304217100143433e-01,-6.933863461017608643e-02,1.630832254886627197e-01,1.423528045415878296e-01,4.785234481096267700e-02,-3.561506420373916626e-02,-3.635558998212218285e-03,9.177211672067642212e-03,2.696349024772644043e-01,-2.788946963846683502e-02,3.635466843843460083e-02,-7.984158396720886230e-02,8.164968341588973999e-02,1.203109174966812134e-01,1.034932732582092285e-01,2.849549613893032074e-02,2.747972309589385986e-02,-2.816467359662055969e-02,-2.184221595525741577e-01,2.298856526613235474e-01,2.441561594605445862e-02,1.285862177610397339e-01,-5.199386551976203918e-02,-6.679387390613555908e-02,1.669706553220748901e-01,5.573616027832031250e-01,3.221820294857025146e-02,3.231959342956542969e-01,1.067368760704994202e-01,2.446821033954620361e-01,1.608721762895584106e-01,-2.753717824816703796e-03,-3.712372183799743652e-01,-7.497575879096984863e-02,-3.005554676055908203e-01,-9.095167368650436401e-02,2.275069952011108398e-01,1.267733275890350342e-01,-3.516623675823211670e-01,1.833926737308502197e-01,-4.240171238780021667e-02,-8.537664264440536499e-02,1.401944905519485474e-01,1.938951015472412109e-01,2.361859083175659180e-01,-1.915218532085418701e-01,1.203130781650543213e-01
6.819209549576044083e-03,-2.616178691387176514e-01,2.740988731384277344e-01,8.937671035528182983e-02,-1.308760344982147217e-01,5.053081363439559937e-02,-6.805171072483062744e-02,2.966796755790710449e-01,2.758296132087707520e-01,3.348985910415649414e-01,-5.157408490777015686e-02,2.420621812343597412e-01,-7.120783925056457520e-01,9.901587851345539093e-03,-2.281713336706161499e-01,-2.530631721019744873e-01,3.808363676071166992e-01,-6.051036119461059570e-01,-3.502242863178253174e-01,2.111581861972808838e-01,1.991053670644760132e-01,4.480458050966262817e-02,5.297736451029777527e-02,-2.171465158462524414e-01,-7.142316550016403198e-02,9.427920728921890259e-02,-2.585614025592803955e-01,1.086933314800262451e-01,2.623334228992462158e-01,2.196946591138839722e-01,-3.009212389588356018e-02,5.250812694430351257e-02,2.781305313110351562e-01,1.552824825048446655e-01,1.352926343679428101e-01,-1.558330506086349487e-01,2.128585129976272583e-01,2.733733691275119781e-02,1.089068874716758728e-01,-1.121338605880737305e-01,-1.231746282428503036e-03,2.387365102767944336e-01,-8.923993110656738281e-01,9.325550496578216553e-02,1.624694168567657471e-01,-3.794486634433269501e-03,4.107648730278015137e-01,1.437642276287078857e-01,-8.011692762374877930e-02,-6.613260507583618164e-01,4.500097408890724182e-02,-5.519244074821472168e-02,-1.848204433917999268e-01,1.268931925296783447e-01,9.402834810316562653e-03,1.253625936806201935e-02,3.396746469661593437e-03,5.515763163566589355e-02,-2.128816097974777222e-01,1.427813470363616943e-01,2.705873921513557434e-02,1.854507327079772949e-01,-1.438773572444915771e-01,1.092327609658241272e-01
-1.281150281429290771e-01,-4.689048528671264648e-01,1.872930377721786499e-01,3.321141600608825684e-01,-2.971163988113403320e-01,-2.678299844264984131e-01,7.896813750267028809e-02,2.522680163383483887e-01,4.325926601886749268e-01,1.529413163661956787e-01,-1.945875883102416992e-01,2.094127982854843140e-01,-8.196545243263244629e-01,-2.351228445768356323e-01,-1.899543702602386475e-01,-3.387127518653869629e-01,2.768734097480773926e-01,-5.269404649734497070e-01,3.162978291511535645e-01,-2.001090496778488159e-01,5.239465460181236267e-02,2.056994140148162842e-01,3.245000541210174561e-01,3.420956730842590332e-01,-5.748771429061889648e-01,2.068493664264678955e-01,4.726954177021980286e-02,1.000512540340423584e-01,9.451961517333984375e-02,1.810200661420822144e-01,-6.156987696886062622e-02,7.107871770858764648e-02,3.593733012676239014e-01,1.068050265312194824e-01,3.820236921310424805e-01,-1.782364398241043091e-01,-1.068269908428192139e-01,-2.553850710391998291e-01,5.099543835967779160e-03,2.656168937683105469e-01,-2.406003326177597046e-02,4.390155375003814697e-01,1.293430328369140625e+00,2.275935262441635132e-01,-3.323024809360504150e-01,1.718469113111495972e-01,2.404528856277465820e-01,-2.326087653636932373e-02,2.637003064155578613e-01,-7.586327791213989258e-01,1.835866570472717285e-01,-2.322169989347457886e-01,-1.017224937677383423e-01,-8.687866479158401489e-02,2.604686617851257324e-01,3.105040192604064941e-01,-8.635794371366500854e-02,3.068542182445526123e-01,1.207673847675323486e-01,3.440874516963958740e-01,-3.483212366700172424e-02,1.002403050661087036e-01,-1.899733841419219971e-01,2.775734961032867432e-01
6.797141581773757935e-02,-3.534914255142211914e-01,2.362019866704940796e-01,1.304250210523605347e-01,1.996419019997119904e-02,-6.451608240604400635e-02,1.052862033247947693e-01,2.252474874258041382e-01,4.111533164978027344e-01,1.475023478269577026e-01,-9.087811224162578583e-03,2.517960965633392334e-01,-3.921249806880950928e-01,7.721694558858871460e-02,6.420227140188217163e-02,-7.943813502788543701e-02,1.794490218162536621e-01,-1.102867648005485535e-01,2.541629374027252197e-01,8.397406339645385742e-02,1.054040640592575073e-01,1.636353433132171631e-01,1.665938198566436768e-01,9.415458142757415771e-02,-2.858180180191993713e-02,2.600906491279602051e-01,6.191046163439750671e-02,1.033427044749259949e-01,1.667094677686691284e-01,5.480875447392463684e-02,1.772806942462921143e-01,1.182811781764030457e-01,2.523470222949981689e-01,1.796318888664245605e-01,7.354290783405303955e-02,-4.491568505764007568e-01,9.812843799591064453e-02,-1.515765190124511719e-01,-3.452775627374649048e-02,1.582619845867156982e-01,4.087772592902183533e-02,4.071978926658630371e-01,5.204429626464843750e-01,5.402799323201179504e-02,8.349899947643280029e-02,-8.695859462022781372e-03,1.188394948840141296e-01,1.327898055315017700e-01,2.079512178897857666e-01,-2.978181540966033936e-01,2.284256666898727417e-01,-5.635063629597425461e-03,-9.691395610570907593e-02,3.752837190404534340e-03,2.086856216192245483e-01,5.610796064138412476e-02,1.617664694786071777e-01,1.216024458408355713e-01,-1.132055521011352539e-01,1.949616968631744385e-01,8.701162785291671753e-02,6.537369638681411743e-02,-2.849265336990356445e-01,2.673330307006835938e-01
2.834762334823608398e-01,1.457634717226028442e-01,-1.414108574390411377e-01,-7.796336710453033447e-02,2.611845135688781738e-01,3.408671617507934570e-01,1.901230216026306152e-01,-6.011462211608886719e-02,-2.675782740116119385e-01,-2.877606749534606934e-01,4.501033723354339600e-01,-1.135454475879669189e-01,7.430786490440368652e-01,2.170000225305557251e-01,8.277840167284011841e-02,3.840988874435424805e-01,-3.809955418109893799e-01,3.778735548257827759e-02,9.957922995090484619e-02,7.051198929548263550e-02,1.140794828534126282e-01,-7.316590845584869385e-02,1.472546160221099854e-01,-1.857329756021499634e-01,4.469464421272277832e-01,1.249617245048284531e-02,3.563454449176788330e-01,2.310174554586410522e-01,1.857132464647293091e-01,-6.728966534137725830e-02,1.501845940947532654e-02,9.897835552692413330e-02,-1.425416022539138794e-01,2.272468656301498413e-01,1.060122251510620117e-01,2.271018624305725098e-01,-3.947813808917999268e-02,2.914301753044128418e-01,1.179064959287643433e-01,-1.662085205316543579e-02,1.586764603853225708e-01,-1.886107176542282104e-01,-3.041787445545196533e-01,6.272527575492858887e-02,3.065262734889984131e-01,1.118362620472908020e-01,-2.756818532943725586e-01,2.276693284511566162e-01,1.181425303220748901e-01,9.585615992546081543e-01,-1.108697243034839630e-02,4.748899638652801514e-01,2.624806761741638184e-01,1.967908889055252075e-01,3.307337313890457153e-02,1.462603956460952759e-01,9.151654690504074097e-02,5.172250047326087952e-02,7.492095977067947388e-02,-1.257951110601425171e-01,1.653764843940734863e-01,9.314551949501037598e-02,5.364221334457397461e-01,-3.400264680385589600e-01
-1.400198489427566528e-01,-3.051190078258514404e-01,1.082224249839782715e-01,1.944102346897125244e-01,-2.579585015773773193e-01,4.464500024914741516e-02,-4.600284993648529053e-02,2.142864763736724854e-01,1.542028188705444336e-01,1.926039308309555054e-01,-7.764015346765518188e-02,2.683990299701690674e-01,-3.825057148933410645e-01,-3.178363665938377380e-02,1.521285176277160645e-01,6.561327725648880005e-02,1.101576387882232666e-01,-4.707929678261280060e-03,7.268767058849334717e-02,1.050531957298517227e-02,1.957250535488128662e-01,2.270494848489761353e-01,2.348907664418220520e-02,1.399645805358886719e-01,-1.800267696380615234e-01,1.484391242265701294e-01,-2.539734542369842529e-01,4.272338375449180603e-02,1.807545721530914307e-01,1.882503926753997803e-01,1.372952908277511597e-01,3.270930051803588867e-02,1.883252859115600586e-01,1.802965849637985229e-01,1.842732280492782593e-01,-4.230777174234390259e-02,1.298805922269821167e-01,-1.763302534818649292e-01,2.252125181257724762e-02,7.962528616189956665e-03,1.127225160598754883e-01,5.100575089454650879e-01,5.192983746528625488e-01,2.423830330371856689e-02,-7.056877017021179199e-02,1.808941215276718140e-01,2.335640788078308105e-01,1.036251783370971680e-01,1.809305697679519653e-02,-3.361798226833343506e-01,2.917629200965166092e-03,-1.318331956863403320e-01,-3.298940360546112061e-01,1.891308724880218506e-01,-2.798453532159328461e-02,4.273071140050888062e-02,1.289339084178209305e-02,1.191652938723564148e-02,7.617931067943572998e-02,2.003082185983657837e-01,2.940219454467296600e-02,1.679317653179168701e-01,-2.651840262115001678e-02,2.056114077568054199e-01
8.939719200134277344e-02,-3.535088896751403809e-02,1.958554834127426147e-01,2.065221816301345825e-01,-1.778634190559387207e-01,-1.998648419976234436e-02,8.000327646732330322e-02,1.997657865285873413e-01,1.213250458240509033e-01,1.731772422790527344e-01,-5.053723976016044617e-02,1.417091041803359985e-01,-6.240596175193786621e-01,3.644463047385215759e-02,6.173712387681007385e-02,-7.382137328386306763e-02,2.392470091581344604e-01,-1.531086280010640621e-03,1.112575829029083252e-01,5.427786335349082947e-02,1.508774906396865845e-01,1.083058267831802368e-01,-1.067077368497848511e-01,-4.566075503826141357e-01,1.342616528272628784e-01,4.637927561998367310e-02,-2.180772125720977783e-01,-3.754697367548942566e-02,2.363999634981155396e-01,1.490189135074615479e-01,-6.608462333679199219e-02,4.795243218541145325e-02,4.679764062166213989e-02,1.263831257820129395e-01,3.767518326640129089e-02,-1.337983161211013794e-01,2.028531879186630249e-01,6.850478053092956543e-02,1.625963002443313599e-01,-7.526280730962753296e-02,1.169142723083496094e-01,4.237631857395172119e-01,-1.540977954864501953e+00,-4.445020481944084167e-02,2.004861235618591309e-01,4.056777060031890869e-02,2.167216986417770386e-01,2.175686657428741455e-01,5.307708680629730225e-02,-4.960443675518035889e-01,-2.788096368312835693e-01,-3.308355808258056641e-01,-8.550666272640228271e-02,1.820690035820007324e-01,-5.052456855773925781e-01,-4.239555299282073975e-01,1.553491950035095215e-01,-3.721572756767272949e-01,9.419126063585281372e-02,3.053237497806549072e-01,2.164838761091232300e-01,7.324387878179550171e-02,6.558299064636230469e-02,2.022961527109146118e-01
-5.540376305580139160e-01,5.391443520784378052e-02,-6.435332894325256348e-01,-9.309951961040496826e-02,-4.607299566268920898e-01,-7.598299533128738403e-02,-3.891727328300476074e-01,2.456750422716140747e-01,-4.493702948093414307e-02,1.297220885753631592e-01,8.300600945949554443e-02,-1.620300710201263428e-01,2.106062650680541992e+00,-9.601897001266479492e-02,3.121122485026717186e-03,9.889984875917434692e-02,7.693905234336853027e-01,4.962310791015625000e-01,-5.662538409233093262e-01,3.353913426399230957e-01,6.503988802433013916e-02,-7.090005874633789062e-01,4.167178645730018616e-03,-2.203980088233947754e-01,7.403119802474975586e-01,3.581939265131950378e-02,5.209552049636840820e-01,-6.737663596868515015e-02,4.311428666114807129e-01,-5.001041889190673828e-01,2.948634326457977295e-01,-1.949976086616516113e-01,-5.264238715171813965e-01,4.603205621242523193e-01,-1.468686759471893311e-01,2.552568018436431885e-01,5.059570670127868652e-01,1.772881299257278442e-01,-5.236475914716720581e-02,-3.182808756828308105e-01,-7.244502305984497070e-01,-2.271017313003540039e+00,2.539302110671997070e-01,-2.183727473020553589e-01,-4.655275940895080566e-01,-1.935981214046478271e-02,6.332275271415710449e-02,-1.102956980466842651e-01,-3.609886169433593750e-01,2.425465106964111328e+00,6.671877205371856689e-02,7.425826787948608398e-01,1.242414861917495728e-01,-4.316755533218383789e-01,-2.603548467159271240e-01,-5.063639283180236816e-01,-5.696851015090942383e-02,-1.986652053892612457e-02,-6.651839613914489746e-02,-1.404503881931304932e-01,3.934837132692337036e-02,-4.675684273242950439e-01,-7.398106902837753296e-02,2.152820378541946411e-01
-7.902826368808746338e-02,-1.354148983955383301e-01,2.567882835865020752e-01,1.722654104232788086e-01,-2.047689259052276611e-01,4.879657551646232605e-02,-2.886349335312843323e-03,1.455516219139099121e-01,2.958346605300903320e-01,1.790598481893539429e-01,-2.660522237420082092e-02,2.389209121465682983e-01,-5.391675233840942383e-01,-4.454087093472480774e-02,-6.794758141040802002e-02,-1.381623297929763794e-01,1.829562634229660034e-01,1.599867194890975952e-01,1.868799328804016113e-02,2.287193983793258667e-01,1.183433458209037781e-01,2.724134735763072968e-02,-2.077332884073257446e-02,2.779763340950012207e-01,-3.239054698497056961e-03,1.754206568002700806e-01,-2.273813188076019287e-01,1.773153245449066162e-01,1.390620917081832886e-01,2.348007112741470337e-01,1.282590180635452271e-01,4.073749482631683350e-02,2.419303953647613525e-01,1.028884053230285645e-01,2.048351168632507324e-01,-5.363892316818237305e-01,7.182211149483919144e-03,-3.296948596835136414e-02,1.089088842272758484e-01,-1.491243690252304077e-01,-7.318284362554550171e-02,5.484661459922790527e-01,4.286339282989501953e-01,-3.496672958135604858e-02,1.342049837112426758e-01,-4.413667321205139160e-02,2.113712430000305176e-01,1.344270855188369751e-01,1.475049555301666260e-01,-5.565991401672363281e-01,2.119444310665130615e-01,-2.203733623027801514e-01,-2.704660892486572266e-01,1.660766005516052246e-01,-2.548054456710815430e-01,-5.252229049801826477e-02,1.091037616133689880e-01,-1.066357940435409546e-01,-4.498769715428352356e-02,3.191207647323608398e-01,1.849920153617858887e-01,7.322733849287033081e-02,1.011020224541425705e-02,2.241359502077102661e-01
-1.391268372535705566e-01,-3.833833932876586914e-01,2.108410894870758057e-01,8.300870656967163086e-02,-1.180755943059921265e-01,1.710443198680877686e-01,-1.126760523766279221e-02,2.141719907522201538e-01,2.024234682321548462e-01,3.591453135013580322e-01,-2.309806197881698608e-01,2.236156463623046875e-01,-6.170992851257324219e-01,-8.339482545852661133e-02,-9.628006070852279663e-02,-1.155511755496263504e-02,3.109694123268127441e-01,6.224737316370010376e-02,-1.174005195498466492e-01,2.033828012645244598e-02,1.466434597969055176e-01,1.536738574504852295e-01,-1.016049012541770935e-01,-1.738021373748779297e-01,-3.349907100200653076e-01,1.618499904870986938e-01,-1.295914798974990845e-01,-1.864509424194693565e-03,1.631260849535465240e-03,2.895321547985076904e-01,-4.238485544919967651e-02,-4.372777044773101807e-02,1.008664518594741821e-01,1.738439202308654785e-01,2.903451621532440186e-01,-2.283967435359954834e-01,3.831387683749198914e-02,-1.472392305731773376e-02,1.724378615617752075e-01,-6.664598733186721802e-02,-9.286787360906600952e-02,3.462153673171997070e-01,-1.156322598457336426e+00,1.237950772047042847e-01,-1.686439067125320435e-01,-2.312965691089630127e-02,1.576113551855087280e-01,1.348647475242614746e-01,1.232218071818351746e-01,-6.341028213500976562e-01,-2.450678646564483643e-01,-2.069925889372825623e-02,-2.657074034214019775e-01,1.112672239542007446e-01,2.259201705455780029e-01,5.458258464932441711e-02,2.962086349725723267e-02,3.385303914546966553e-01,-7.595553994178771973e-02,3.473374843597412109e-01,1.491065472364425659e-01,1.233589351177215576e-01,-1.540747433900833130e-01,3.055212497711181641e-01
1.369317471981048584e-01,-2.046941518783569336e-01,3.006078302860260010e-01,1.192261278629302979e-01,3.399144485592842102e-02,1.365863084793090820e-01,2.068126350641250610e-01,2.894580066204071045e-01,3.224572539329528809e-01,1.814683526754379272e-01,-4.498359188437461853e-02,1.762721985578536987e-01,-3.124293684959411621e-01,-2.280799113214015961e-02,5.451900511980056763e-02,-1.569519191980361938e-01,1.347745954990386963e-01,1.445075720548629761e-01,-2.816225774586200714e-02,1.410077363252639771e-01,8.900082111358642578e-02,2.466419339179992676e-01,-1.277899891138076782e-01,1.101971790194511414e-01,7.360073924064636230e-02,1.248466521501541138e-01,-1.416858732700347900e-01,1.702724397182464600e-01,-9.956437349319458008e-02,1.908177286386489868e-01,2.057696431875228882e-01,2.389781642705202103e-03,2.373003065586090088e-01,-1.212152838706970215e-02,4.107496887445449829e-02,-3.937385976314544678e-01,1.441834867000579834e-01,-1.985643617808818817e-02,7.801768928766250610e-02,-2.195746265351772308e-02,2.973240055143833160e-02,4.142711460590362549e-01,1.927774846553802490e-01,1.716037988662719727e-01,1.470790356397628784e-01,-4.835825040936470032e-02,2.854638993740081787e-01,7.587196677923202515e-02,1.467796713113784790e-01,-4.058721363544464111e-01,-3.036930598318576813e-02,-1.963387280702590942e-01,7.646944373846054077e-02,8.139373362064361572e-02,6.470447182655334473e-01,-2.676718123257160187e-02,1.440740376710891724e-01,-2.586226761341094971e-01,-3.134405240416526794e-02,8.508040755987167358e-02,2.195331603288650513e-01,1.599691510200500488e-01,-5.724509060382843018e-02,2.012476772069931030e-01
4.815772175788879395e-02,9.860566258430480957e-02,2.646088600158691406e-01,1.055895462632179260e-01,-7.925181835889816284e-02,4.132837057113647461e-02,-2.768742293119430542e-02,3.360867202281951904e-01,1.477889269590377808e-01,2.363903075456619263e-01,-9.757934510707855225e-02,2.654257118701934814e-01,-4.389412999153137207e-01,-8.560653030872344971e-02,2.667892873287200928e-01,-1.166244521737098694e-01,3.354784846305847168e-01,3.467712998390197754e-01,-1.251459568738937378e-01,1.118711084127426147e-01,1.611159294843673706e-01,1.675877124071121216e-01,-2.492646425962448120e-01,4.327562749385833740e-01,9.733951091766357422e-02,9.224742650985717773e-02,-2.136420309543609619e-01,1.093965545296669006e-01,1.599642634391784668e-01,1.867625117301940918e-01,1.292287409305572510e-01,-2.619557827711105347e-02,1.838680654764175415e-01,1.288445144891738892e-01,-3.271339461207389832e-02,1.476649194955825806e-01,3.135238587856292725e-02,-2.011326998472213745e-01,8.740462362766265869e-02,9.948952496051788330e-02,1.163579970598220825e-01,3.922205567359924316e-01,3.388863801956176758e-01,7.146663963794708252e-02,-9.951391257345676422e-04,1.814520061016082764e-01,2.446835190057754517e-01,1.523261964321136475e-01,1.515947189182043076e-02,-5.728973746299743652e-01,2.594344913959503174e-01,-2.128009945154190063e-01,-9.535300731658935547e-02,1.736782193183898926e-01,-1.295715272426605225e-01,-1.491484604775905609e-02,1.820213496685028076e-01,2.124487459659576416e-01,3.130198642611503601e-02,6.023508310317993164e-02,-6.634979508817195892e-03,1.445387750864028931e-01,-2.815567851066589355e-01,3.034653067588806152e-01
1.028553992509841919e-01,-4.099734723567962646e-01,2.897570729255676270e-01,2.502403259277343750e-01,-2.191247344017028809e-01,1.465413812547922134e-02,-1.870092004537582397e-02,1.468221694231033325e-01,3.718388974666595459e-01,2.461030036211013794e-01,-6.338431686162948608e-02,1.987681537866592407e-01,-5.222232937812805176e-01,-1.165137514472007751e-01,1.033805012702941895e-01,-2.574398554861545563e-02,2.969358265399932861e-01,-3.078369051218032837e-02,1.950413435697555542e-01,1.536209732294082642e-01,4.976000636816024780e-02,2.527954280376434326e-01,-4.534453153610229492e-02,2.187334150075912476e-01,-3.389787301421165466e-02,1.962652206420898438e-01,-2.668933570384979248e-01,4.540851712226867676e-02,1.339210271835327148e-01,2.598758935928344727e-01,1.067935675382614136e-01,1.097667515277862549e-01,1.365554183721542358e-01,5.434323474764823914e-02,9.030404686927795410e-02,-4.194851815700531006e-01,1.290946155786514282e-01,9.473092854022979736e-03,2.527673542499542236e-02,-1.183089017868041992e-01,5.674195708706974983e-04,3.524087965488433838e-01,4.797953069210052490e-01,1.628626435995101929e-01,-8.860145509243011475e-02,3.821196034550666809e-02,2.616913020610809326e-01,9.562291949987411499e-02,1.009179726243019104e-01,-4.699144959449768066e-01,1.591861620545387268e-02,-1.462709158658981323e-01,-1.787961572408676147e-01,8.259118348360061646e-02,2.261196821928024292e-01,8.481215685606002808e-02,1.708556264638900757e-01,4.633272439241409302e-02,-1.289056688547134399e-01,2.189320921897888184e-01,2.150878012180328369e-01,1.638727635145187378e-01,-1.297243088483810425e-01,3.072902262210845947e-01
-8.265812695026397705e-02,-1.690415591001510620e-01,3.375343382358551025e-01,1.669879555702209473e-01,-1.185841187834739685e-01,-2.268040478229522705e-01,-2.023587189614772797e-02,1.626464873552322388e-01,4.502762556076049805e-01,8.229966461658477783e-02,-2.094348520040512085e-01,2.142525464296340942e-01,-6.701577305793762207e-01,1.075742486864328384e-02,-1.536759138107299805e-01,-8.067242801189422607e-02,2.371730804443359375e-01,-2.806114554405212402e-01,4.819607734680175781e-01,-1.072385534644126892e-01,-2.427939325571060181e-02,7.269406318664550781e-02,2.364168167114257812e-01,3.660605549812316895e-01,-3.474191129207611084e-01,1.079071015119552612e-01,-1.088159456849098206e-01,-1.886592432856559753e-02,2.299064248800277710e-01,9.405053406953811646e-02,-7.003668695688247681e-02,1.599393486976623535e-01,3.691519796848297119e-01,2.295594811439514160e-01,2.455156296491622925e-01,-1.394703984260559082e-01,-1.090694069862365723e-01,-1.426627486944198608e-01,5.933659896254539490e-02,2.602746523916721344e-02,2.964304573833942413e-02,3.934732377529144287e-01,1.241418480873107910e+00,1.148926764726638794e-01,-1.124099642038345337e-01,8.262512832880020142e-02,1.880781501531600952e-01,-1.694694906473159790e-01,9.368953108787536621e-02,-7.766211628913879395e-01,3.338916599750518799e-01,-1.984301060438156128e-01,6.588822603225708008e-02,-8.704025298357009888e-02,8.197715282440185547e-01,1.622137129306793213e-01,9.787302464246749878e-02,-3.423259779810905457e-02,-1.235753856599330902e-02,3.153883516788482666e-01,2.784757316112518311e-02,1.392762660980224609e-01,-2.499677687883377075e-01,3.604934215545654297e-01
-1.263926178216934204e-01,2.373111993074417114e-01,-3.787941932678222656e-01,-2.580818235874176025e-01,6.216609477996826172e-01,-1.580793410539627075e-01,5.474465712904930115e-02,2.972176969051361084e-01,-5.610546469688415527e-01,-1.524340063333511353e-01,-2.936223745346069336e-01,3.148189187049865723e-01,1.014947146177291870e-01,-1.914285123348236084e-01,3.186641633510589600e-02,1.862303316593170166e-01,1.965049058198928833e-01,8.350892923772335052e-03,-2.149279117584228516e-01,-3.940474689006805420e-01,9.382544457912445068e-02,2.362017035484313965e-01,-1.588806211948394775e-01,7.365680932998657227e-01,-6.194420456886291504e-01,2.170639038085937500e-01,7.567886263132095337e-02,-6.812927871942520142e-02,9.140534698963165283e-02,1.183498501777648926e-01,2.343127317726612091e-02,-1.428664941340684891e-02,3.954992294311523438e-01,8.196518570184707642e-02,-5.127354711294174194e-02,8.948364853858947754e-01,-8.062825202941894531e-01,7.316786050796508789e-01,1.041827917098999023e+00,-1.522471755743026733e-01,2.013513594865798950e-01,1.428419798612594604e-01,1.691340208053588867e-01,6.900337338447570801e-02,-1.752376258373260498e-01,-3.399659693241119385e-02,2.603406272828578949e-02,-2.097882330417633057e-01,-2.584701478481292725e-01,-4.397200644016265869e-01,4.899260401725769043e-01,3.052483797073364258e-01,6.979821622371673584e-02,6.977849602699279785e-01,5.226569622755050659e-02,5.204517021775245667e-02,-1.162198260426521301e-01,4.332943260669708252e-01,-2.319134585559368134e-02,2.212882786989212036e-01,-2.624486684799194336e-01,1.037231385707855225e-01,-2.265153676271438599e-01,-4.983340501785278320e-01
-4.756067693233489990e-02,8.486468344926834106e-02,2.919251024723052979e-01,1.697761565446853638e-01,-1.201988458633422852e-01,1.426729857921600342e-01,1.535945534706115723e-01,2.599515318870544434e-01,3.519459068775177002e-01,3.197568655014038086e-01,-3.870112448930740356e-02,1.920722872018814087e-01,-4.437060058116912842e-01,-5.247179791331291199e-02,2.636662870645523071e-02,-8.709262311458587646e-02,2.194725126028060913e-01,7.971091568470001221e-02,7.388825714588165283e-02,-8.639882318675518036e-03,1.145892739295959473e-01,2.551152706146240234e-01,-1.397840380668640137e-01,1.173452138900756836e-01,-2.126797586679458618e-01,1.523391623049974442e-02,-3.508477807044982910e-01,1.112291589379310608e-02,1.336593329906463623e-01,2.280215322971343994e-01,1.734268665313720703e-01,-8.588264137506484985e-02,1.348221600055694580e-01,2.774628624320030212e-02,1.271734833717346191e-01,-6.375850737094879150e-02,1.118814498186111450e-01,-1.008641496300697327e-01,1.358465999364852905e-01,3.870762512087821960e-02,-7.558285444974899292e-02,3.451006710529327393e-01,5.056132674217224121e-01,7.149779051542282104e-02,8.142429590225219727e-02,2.326631695032119751e-01,1.967665255069732666e-01,1.256939116865396500e-02,5.765676032751798630e-03,-3.571984767913818359e-01,-2.087131440639495850e-01,-2.702418267726898193e-01,-2.229068279266357422e-01,1.393851041793823242e-01,1.272208541631698608e-01,2.668812125921249390e-02,4.938978701829910278e-02,-3.334235772490501404e-02,1.651404201984405518e-01,2.596894502639770508e-01,3.032146953046321869e-02,1.901815682649612427e-01,-2.506002485752105713e-01,1.891189515590667725e-01
-4.798809289932250977e-01,2.915946394205093384e-02,-8.285150527954101562e-01,5.542445778846740723e-01,-4.295748844742774963e-02,-7.691930234432220459e-02,-2.936948239803314209e-01,2.733807861804962158e-01,-3.019619882106781006e-01,3.132489025592803955e-01,6.208797916769981384e-02,-3.415644466876983643e-01,1.903996229171752930e+00,-3.689876571297645569e-02,-8.320261538028717041e-02,3.098126351833343506e-01,8.209443688392639160e-01,3.610587418079376221e-01,-5.552599430084228516e-01,3.481413424015045166e-01,2.041807025671005249e-02,-6.595147252082824707e-01,-3.154821395874023438e-01,-2.360280901193618774e-01,8.515701889991760254e-01,-3.072658181190490723e-01,1.871886700391769409e-01,-5.884920433163642883e-02,3.647841215133666992e-01,-5.270441174507141113e-01,2.769411802291870117e-01,-2.016303539276123047e-01,-6.576029062271118164e-01,3.884356021881103516e-01,2.454904653131961823e-02,1.034104079008102417e-01,5.549995303153991699e-01,5.814605951309204102e-01,-9.161230176687240601e-03,-5.925014019012451172e-01,-9.249616265296936035e-01,-2.417519092559814453e+00,2.519187033176422119e-01,-2.454121708869934082e-01,-3.705258071422576904e-01,-1.587727218866348267e-01,9.097294881939888000e-03,4.270673915743827820e-02,1.759197711944580078e-01,2.353764057159423828e+00,2.015142440795898438e-01,6.668791174888610840e-01,6.413507508113980293e-04,-4.988358318805694580e-01,-5.901079177856445312e-01,-5.848011374473571777e-01,-1.591823697090148926e-01,-1.193227544426918030e-01,-1.853896379470825195e-01,9.462376125156879425e-03,-8.290677517652511597e-02,-4.596105217933654785e-01,-7.884018868207931519e-02,-1.390250474214553833e-01
-1.222889572381973267e-01,-4.377379268407821655e-02,4.190748035907745361e-01,3.225137293338775635e-01,-1.320310384035110474e-01,-2.139808088541030884e-01,1.070502027869224548e-01,5.037812888622283936e-02,3.273047208786010742e-01,1.981740295886993408e-01,-2.035401314496994019e-01,1.965087503194808960e-01,-6.462111473083496094e-01,-2.585734426975250244e-01,-6.778844445943832397e-02,1.858766004443168640e-02,1.984100341796875000e-01,-2.788105607032775879e-01,4.332621991634368896e-01,-2.213151454925537109e-01,1.518176645040512085e-01,1.141899973154067993e-01,2.025167793035507202e-01,3.728151917457580566e-01,-4.972429275512695312e-01,5.367933213710784912e-02,-1.616438478231430054e-01,1.609895378351211548e-01,2.903838828206062317e-02,1.776677519083023071e-01,-9.427677839994430542e-02,5.498462822288274765e-03,3.829368948936462402e-01,1.580219566822052002e-01,2.947776019573211670e-01,3.352979421615600586e-01,-5.984919145703315735e-02,-8.189282566308975220e-02,-6.211568042635917664e-02,2.149793803691864014e-01,6.809318065643310547e-02,5.133657455444335938e-01,-2.638360261917114258e+00,1.358828246593475342e-01,-3.348096013069152832e-01,-3.098084405064582825e-02,3.935836851596832275e-01,-1.626050025224685669e-01,6.348808854818344116e-02,-7.157595157623291016e-01,-1.062326788902282715e+00,-1.999030560255050659e-01,2.829739637672901154e-02,-4.091872274875640869e-02,1.736787557601928711e-01,5.016993880271911621e-01,1.011253986507654190e-02,1.289269328117370605e-01,8.166652917861938477e-02,3.074816465377807617e-01,-5.588788911700248718e-02,-2.016962319612503052e-02,-2.777032554149627686e-01,1.714187711477279663e-01
