-2.132063955068588257e-01,-3.560805320739746094e-01,-1.008636131882667542e-01,-1.341414153575897217e-01,-1.167394518852233887e-01,-1.811991184949874878e-01,4.354067146778106689e-01,3.552388399839401245e-02,1.944072544574737549e-01,-4.254002496600151062e-02,6.253777146339416504e-01,2.559039294719696045e-01,1.715901017189025879e+00,1.210249289870262146e-01,2.515402138233184814e-01,3.038570880889892578e-01,3.000702941790223122e-03,6.133984401822090149e-02,-1.390748471021652222e-01,-4.062577337026596069e-02,-1.898290514945983887e-01,-2.272794544696807861e-01,-7.556519508361816406e-01,-9.924933314323425293e-02,-3.494768142700195312e-01,9.905391186475753784e-02,1.271582096815109253e-01,-1.256220489740371704e-01,3.858811855316162109e-01,5.091314390301704407e-02,3.233486413955688477e-02,-4.831919372081756592e-01,1.555614322423934937e-01,7.273774743080139160e-01,6.611142754554748535e-01,6.015922427177429199e-01,-4.263610392808914185e-02,-5.781184136867523193e-02,-5.629448965191841125e-02,-4.072911143302917480e-01,-3.955012261867523193e-01,-1.460763067007064819e-01,-1.038883626461029053e-01,-1.222699508070945740e-02,1.686103940010070801e-01,1.812831908464431763e-01,7.765010744333267212e-02,2.423699647188186646e-01,-5.144994705915451050e-02,-2.056399434804916382e-01,-5.577690899372100830e-02,-1.692703068256378174e-01,-9.327697753906250000e-02,1.710402071475982666e-01,-3.303629457950592041e-01,2.537679076194763184e-01,-3.307872116565704346e-01,1.601953506469726562e-01,1.832869648933410645e-01,-1.101488709449768066e+00,1.132015809416770935e-01,2.169005423784255981e-01,-2.727896869182586670e-01,4.167658463120460510e-02
-5.010148510336875916e-02,-6.020578742027282715e-02,-8.204732835292816162e-02,2.906624600291252136e-02,-6.694760918617248535e-02,1.379214227199554443e-02,-1.042817458510398865e-01,1.126593500375747681e-01,1.424026489257812500e-02,1.871504262089729309e-02,9.192129224538803101e-02,-1.016451567411422729e-01,5.492082610726356506e-02,-7.862868160009384155e-02,8.622442930936813354e-02,1.113164722919464111e-01,3.345819562673568726e-02,-1.032563596963882446e-01,7.462036609649658203e-02,-1.069225370883941650e-01,-1.010334640741348267e-01,-9.745524823665618896e-02,7.283300906419754028e-02,4.757500253617763519e-03,5.585123226046562195e-02,1.124416291713714600e-01,-3.107294254004955292e-02,-9.738737344741821289e-02,1.199956890195608139e-02,-5.330026149749755859e-02,5.820466578006744385e-02,-7.373838219791650772e-03,-1.262739449739456177e-01,-2.544749714434146881e-02,-2.963916584849357605e-02,-1.084728017449378967e-01,1.078817099332809448e-01,1.103572100400924683e-01,1.006964445114135742e-01,-9.878295660018920898e-02,3.551665320992469788e-02,-1.241825819015502930e-01,5.038828123360872269e-03,-7.592579722404479980e-02,3.504261747002601624e-02,-8.694773912429809570e-02,2.612508833408355713e-02,-8.860900998115539551e-02,-5.586754996329545975e-03,3.696351498365402222e-02,2.260434068739414215e-02,2.444143407046794891e-02,-8.663818240165710449e-02,1.059353277087211609e-01,7.953745126724243164e-02,1.532190106809139252e-02,7.503298670053482056e-02,-4.977773129940032959e-02,-3.401215746998786926e-02,4.309211671352386475e-02,-9.926282614469528198e-02,9.142860770225524902e-02,7.083145529031753540e-02,-6.384139508008956909e-02
-5.755982175469398499e-02,-5.566246807575225830e-02,-1.042142137885093689e-01,7.959051430225372314e-02,-3.729018196463584900e-02,2.527908980846405029e-02,-9.734472632408142090e-02,-1.190150901675224304e-01,1.175391115248203278e-02,-1.467704027891159058e-02,-4.285051487386226654e-03,3.709077835083007812e-02,-3.656990453600883484e-02,5.685119330883026123e-02,-6.000183895230293274e-02,-1.010105684399604797e-01,-7.404048740863800049e-02,-7.530680298805236816e-02,5.499340966343879700e-02,8.928865939378738403e-02,9.486968070268630981e-02,-2.542641758918762207e-02,1.129805520176887512e-01,5.797759070992469788e-02,8.378519117832183838e-02,1.036265715956687927e-01,-5.310938134789466858e-02,5.878133699297904968e-02,-1.061773672699928284e-01,8.980055153369903564e-02,-1.258111894130706787e-01,1.023820019327104092e-03,-7.016277313232421875e-02,-7.189232110977172852e-02,4.112637788057327271e-02,1.250529102981090546e-02,-6.773927062749862671e-02,4.462681710720062256e-02,-3.812041133642196655e-02,3.042484074831008911e-02,2.900291420519351959e-02,6.589887291193008423e-02,9.838557243347167969e-02,1.669645123183727264e-02,-9.665575623512268066e-02,-4.301181063055992126e-02,-3.814194351434707642e-02,7.115756720304489136e-02,-2.605882659554481506e-02,-9.803523868322372437e-02,2.627184055745601654e-02,-7.695113867521286011e-02,-9.191065281629562378e-02,3.320536110550165176e-03,7.438412308692932129e-02,4.762407857924699783e-03,7.159628719091415405e-02,-1.313134431838989258e-01,-4.068298265337944031e-02,8.783015608787536621e-02,-8.957593142986297607e-02,6.694245338439941406e-02,-1.957851834595203400e-02,-5.831648036837577820e-02
-4.935893416404724121e-02,-6.074315309524536133e-02,-7.250383496284484863e-02,8.678154647350311279e-02,1.623022556304931641e-02,-8.529701828956604004e-02,5.208463594317436218e-02,5.939213931560516357e-02,-1.122178137302398682e-02,7.481950521469116211e-02,1.033355295658111572e-01,-9.594643115997314453e-02,-9.821321070194244385e-02,-1.804962754249572754e-02,-9.628772735595703125e-02,1.080460846424102783e-02,3.496825695037841797e-03,1.232526749372482300e-01,5.277967453002929688e-02,-9.527842700481414795e-02,-8.264850080013275146e-02,-9.465731680393218994e-02,1.145482063293457031e-03,-1.006373912096023560e-01,-8.880093693733215332e-02,-1.243201494216918945e-01,9.083881974220275879e-02,-4.573909938335418701e-02,6.270945072174072266e-02,-7.316616177558898926e-02,-1.013627797365188599e-01,-2.247628569602966309e-02,9.464572370052337646e-02,-1.397750228643417358e-01,-1.404907554388046265e-01,5.263480171561241150e-02,-4.493074119091033936e-02,-6.003890931606292725e-02,-7.849530875682830811e-02,1.886884868144989014e-02,-8.896329998970031738e-02,8.812433481216430664e-02,-9.007073938846588135e-02,-8.846744894981384277e-02,1.594707369804382324e-02,-5.170807242393493652e-03,6.320384144783020020e-02,-6.904728710651397705e-02,7.929603755474090576e-02,-1.243591904640197754e-01,-5.576285719871520996e-02,7.965968549251556396e-02,1.010299026966094971e-01,-8.615131676197052002e-02,-7.919394969940185547e-02,-5.375222861766815186e-02,-8.381168544292449951e-02,-1.569585502147674561e-02,-1.279339641332626343e-01,4.789317399263381958e-02,-1.640453934669494629e-03,-1.232071965932846069e-01,-7.608838379383087158e-02,-4.822538793087005615e-02
3.018745779991149902e-02,1.301632970571517944e-01,-1.931587904691696167e-01,4.174055904150009155e-02,1.800653934478759766e-01,2.254770994186401367e-01,-9.247536212205886841e-02,2.508600950241088867e-01,1.945592612028121948e-01,1.154260635375976562e-01,-8.893045037984848022e-02,1.077983826398849487e-01,9.074725508689880371e-01,1.334766596555709839e-01,1.405406296253204346e-01,1.948281526565551758e-01,-6.228655949234962463e-02,1.061813831329345703e-01,8.047725260257720947e-02,2.330380082130432129e-01,1.408083587884902954e-01,2.130626142024993896e-01,-2.667909622192382812e+00,1.090601384639739990e-01,2.035296261310577393e-01,1.242399290204048157e-01,1.508557796478271484e-01,1.842212677001953125e-01,2.935375571250915527e-01,1.302158385515213013e-01,6.936868280172348022e-02,-5.382905602455139160e-01,4.949224367737770081e-02,-1.957705169916152954e-01,-5.788482725620269775e-02,-3.521824777126312256e-01,1.078132987022399902e-01,2.253375500440597534e-01,4.114130139350891113e-02,2.324318736791610718e-01,2.246840596199035645e-01,1.135240048170089722e-01,2.069605141878128052e-01,2.422699481248855591e-01,2.783466875553131104e-01,1.870160251855850220e-01,1.602945625782012939e-01,9.315813332796096802e-02,1.274129152297973633e-01,2.352271229028701782e-01,2.524157166481018066e-01,9.588676691055297852e-02,2.264227867126464844e-01,2.425367236137390137e-01,-4.715593457221984863e-01,1.611657887697219849e-01,2.349466383457183838e-01,1.706182956695556641e-01,1.572094112634658813e-01,-4.747707247734069824e-01,8.297045528888702393e-02,2.788032293319702148e-01,4.197596758604049683e-02,1.840745061635971069e-01
2.582450211048126221e-01,2.611829638481140137e-01,1.243298411369323730e+00,2.479496151208877563e-01,1.736165136098861694e-01,-8.603468537330627441e-02,1.351052671670913696e-01,-3.501470759510993958e-02,-1.654688566923141479e-01,3.265303075313568115e-01,8.623534440994262695e-02,2.036883309483528137e-02,-8.340758681297302246e-01,9.050264209508895874e-02,-2.000207453966140747e-01,4.425171911716461182e-01,5.366362258791923523e-02,-1.636206805706024170e-01,1.204453185200691223e-01,-1.342986971139907837e-01,-5.506625398993492126e-02,4.469303414225578308e-02,9.252612590789794922e-01,-1.600092649459838867e-01,2.095150351524353027e-01,4.946153983473777771e-02,9.322129189968109131e-02,1.406903117895126343e-01,2.046374604105949402e-02,2.502024173736572266e-01,-1.829740256071090698e-01,-6.450068950653076172e-01,1.790542155504226685e-01,2.300944924354553223e-01,1.793685704469680786e-01,-1.739940196275711060e-01,-7.037352025508880615e-02,-1.891800761222839355e-01,-1.678381711244583130e-01,-1.031883154064416885e-02,-6.580752134323120117e-02,-2.850937284529209137e-02,3.901537507772445679e-02,1.562313362956047058e-02,-2.165225297212600708e-01,2.784683555364608765e-02,-1.508607715368270874e-01,-1.843205392360687256e-01,1.500341743230819702e-01,-1.267869770526885986e-01,-1.926970295608043671e-02,2.711318666115403175e-04,-2.142651192843914032e-02,4.038639962673187256e-01,-6.434144377708435059e-01,-1.962385624647140503e-01,1.114682257175445557e-01,-2.998453192412853241e-02,8.201169967651367188e-02,7.009176909923553467e-02,-2.229494601488113403e-02,-1.277103126049041748e-01,2.642646245658397675e-02,9.420999139547348022e-02
2.386403679847717285e-01,2.431029677391052246e-01,-1.858688294887542725e-01,2.289632558822631836e-01,2.608155012130737305e-01,1.458436399698257446e-01,-8.988425880670547485e-02,2.711150348186492920e-01,2.027857154607772827e-01,1.276344507932662964e-01,-1.031375378370285034e-01,1.704999059438705444e-01,8.078700304031372070e-01,2.736914530396461487e-02,2.106087505817413330e-01,1.535783708095550537e-01,-5.180289503186941147e-03,2.040555924177169800e-01,6.856229901313781738e-02,2.793028056621551514e-01,2.253437638282775879e-01,2.160645723342895508e-01,-1.320491194725036621e+00,2.122795283794403076e-01,1.605426669120788574e-01,2.244634786620736122e-03,2.558427453041076660e-01,2.563266754150390625e-01,2.423658818006515503e-01,2.217817008495330811e-01,1.589927226305007935e-01,-5.617374777793884277e-01,1.597329825162887573e-01,-1.181099191308021545e-01,-2.006792090833187103e-02,-1.041986122727394104e-01,1.682895869016647339e-01,2.690942287445068359e-01,1.327484548091888428e-01,2.733537554740905762e-01,1.853465437889099121e-01,2.803688347339630127e-01,2.026454359292984009e-01,1.154654398560523987e-01,7.265245169401168823e-02,2.169528454542160034e-01,3.817819058895111084e-02,1.532370746135711670e-01,1.102218627929687500e-01,1.225307360291481018e-01,1.306213587522506714e-01,9.771341085433959961e-02,8.004158735275268555e-02,4.703010916709899902e-01,-2.266108989715576172e-01,2.571882903575897217e-01,1.977904886007308960e-01,2.615233361721038818e-01,2.081243842840194702e-01,-3.069576025009155273e-01,2.187658399343490601e-01,1.875160038471221924e-01,2.685107290744781494e-01,2.313444763422012329e-01
2.027246803045272827e-01,2.144549638032913208e-01,1.152696013450622559e+00,1.441952437162399292e-01,5.840389803051948547e-02,4.175880178809165955e-02,2.318713515996932983e-01,-9.894910454750061035e-02,-2.580688595771789551e-01,1.789530068635940552e-01,7.901922613382339478e-02,3.730078041553497314e-02,-5.114130973815917969e-01,-3.136481624096632004e-03,-1.898173429071903229e-02,1.465009748935699463e-01,4.785808920860290527e-02,-1.867277920246124268e-01,3.103490769863128662e-01,-8.864460140466690063e-02,-3.683023154735565186e-02,1.013089492917060852e-01,1.106230020523071289e+00,-2.086316347122192383e-01,1.761161237955093384e-01,-6.206218898296356201e-02,8.846497163176536560e-03,2.614857852458953857e-01,1.003309432417154312e-02,1.146984845399856567e-01,-2.327371835708618164e-01,-1.760975360870361328e+00,2.318360656499862671e-01,2.219415009021759033e-01,2.967020273208618164e-01,6.721413880586624146e-02,4.867706820368766785e-02,-2.005232870578765869e-01,-3.184163570404052734e-02,1.713929027318954468e-01,2.206517308950424194e-01,-3.659134730696678162e-02,-2.193737402558326721e-02,2.184187471866607666e-01,-2.101344019174575806e-01,8.635856211185455322e-02,-2.506372630596160889e-01,-2.911570370197296143e-01,1.680601984262466431e-01,-7.552483677864074707e-02,-9.403978288173675537e-02,4.781389981508255005e-02,1.497911065816879272e-01,1.645040214061737061e-01,1.228249818086624146e-01,-1.982263326644897461e-01,-9.586350619792938232e-02,-1.110130175948143005e-01,-1.014566607773303986e-02,4.184242486953735352e-01,8.655270934104919434e-02,-1.212741732597351074e-01,6.803672015666961670e-02,8.008251339197158813e-02
1.294059678912162781e-02,-1.976103149354457855e-02,2.778038941323757172e-02,-1.277627050876617432e-01,6.559059768915176392e-02,4.693561419844627380e-02,-6.905589252710342407e-02,-6.772208958864212036e-02,8.276576548814773560e-02,-2.246945723891258240e-02,-2.436999976634979248e-02,-8.228064514696598053e-03,9.728801995515823364e-02,7.950440794229507446e-02,-1.322108358144760132e-01,-4.251049831509590149e-03,5.463291704654693604e-02,5.104638636112213135e-02,5.713455006480216980e-02,-3.650856390595436096e-02,-7.309108972549438477e-02,7.643575966358184814e-02,-5.424407869577407837e-02,-1.446606814861297607e-01,-4.057323560118675232e-02,-1.373832952231168747e-02,7.458639889955520630e-02,5.172986164689064026e-02,-3.490467742085456848e-02,-1.312824934720993042e-01,-1.019766181707382202e-01,-9.663201868534088135e-02,4.056538641452789307e-02,3.322666510939598083e-02,-7.053150981664657593e-02,9.502393193542957306e-03,6.540359556674957275e-02,1.370664499700069427e-02,-5.294746160507202148e-02,4.983516782522201538e-02,-9.596967697143554688e-02,8.258213847875595093e-02,3.981920704245567322e-02,-6.624131649732589722e-02,-5.007505416870117188e-02,-8.583801239728927612e-02,7.824282348155975342e-02,-3.113663569092750549e-02,1.135699171572923660e-02,7.169654965400695801e-02,-9.197189658880233765e-02,6.189833860844373703e-03,-6.629877537488937378e-02,5.842649377882480621e-03,4.928320273756980896e-02,2.445433754473924637e-03,7.200901955366134644e-02,8.500629663467407227e-02,-9.190848469734191895e-02,1.395581662654876709e-02,-3.315052017569541931e-02,-5.821346491575241089e-02,-1.400075852870941162e-01,6.885637342929840088e-02
-3.439983129501342773e-01,-1.260042786598205566e+00,-6.983102560043334961e-01,-1.019042134284973145e-01,-2.078917622566223145e-01,-3.890649676322937012e-01,1.097848042845726013e-01,-1.434048358350992203e-02,-2.389002777636051178e-02,-2.457038313150405884e-01,2.029145061969757080e-01,2.436058670282363892e-01,1.060015320777893066e+00,2.498103231191635132e-01,4.547224044799804688e-01,4.060542583465576172e-01,-9.804871678352355957e-02,-2.107270509004592896e-01,-8.049471676349639893e-02,-2.037396579980850220e-01,-2.087240815162658691e-01,7.657942920923233032e-02,-8.265129923820495605e-01,-1.424481421709060669e-01,-6.063072681427001953e-01,3.030478954315185547e-02,5.631254985928535461e-02,-6.294549256563186646e-02,3.946463763713836670e-01,-1.840233616530895233e-02,-1.136062815785408020e-01,-1.303224205970764160e+00,-1.937796361744403839e-02,5.462601184844970703e-01,5.740068554878234863e-01,4.170325994491577148e-01,3.298384547233581543e-01,-2.023303508758544922e-01,1.090947911143302917e-01,-6.779830455780029297e-01,-4.377653002738952637e-01,-1.725369989871978760e-01,-1.524779498577117920e-01,-1.547323316335678101e-01,5.514095425605773926e-01,-1.776963472366333008e-02,7.324351370334625244e-02,4.154552519321441650e-01,-1.880777180194854736e-01,-5.922153964638710022e-02,-2.403414547443389893e-01,-1.354345828294754028e-01,-2.850156426429748535e-01,1.599100589752197266e+00,-6.389752030372619629e-01,1.095496043562889099e-01,-4.184918403625488281e-01,3.832287788391113281e-01,1.760901212692260742e-01,1.544093936681747437e-01,1.186478137969970703e-02,5.097516775131225586e-01,-2.551157176494598389e-01,-1.006693094968795776e-01
4.501979798078536987e-02,4.218703806400299072e-01,-1.544247418642044067e-01,5.811045169830322266e-01,9.267479926347732544e-02,8.327673375606536865e-02,1.111214235424995422e-02,-5.020000413060188293e-02,-4.634169116616249084e-02,6.406456232070922852e-02,1.763763576745986938e-01,-7.778244465589523315e-02,-6.800439357757568359e-01,6.264661997556686401e-02,-3.441513050347566605e-03,-2.993442416191101074e-01,1.076787412166595459e-01,-6.784812361001968384e-02,-1.695380508899688721e-01,8.822176605463027954e-02,-1.742502301931381226e-02,4.466642066836357117e-02,6.368452310562133789e-01,6.878308951854705811e-02,-3.374336063861846924e-01,3.289733082056045532e-02,1.236364021897315979e-01,-1.655073165893554688e-01,-1.602953821420669556e-01,2.835325896739959717e-02,2.169994264841079712e-02,-7.818953394889831543e-01,2.512409538030624390e-02,3.239966928958892822e-01,1.761085242033004761e-01,9.823693335056304932e-02,-2.503395453095436096e-02,1.311615556478500366e-01,1.268715113401412964e-01,-8.856218308210372925e-02,-8.590145409107208252e-02,1.647054553031921387e-01,2.698778733611106873e-02,-6.013125926256179810e-02,-1.503785848617553711e-01,1.293313782662153244e-02,-6.457035243511199951e-02,-9.589380770921707153e-02,-2.016205489635467529e-01,1.216099336743354797e-01,-6.270982325077056885e-02,6.581699848175048828e-02,-1.923461258411407471e-01,-5.594323277473449707e-01,3.132286965847015381e-01,-6.183295324444770813e-02,1.339674443006515503e-01,7.042445242404937744e-02,-6.828161329030990601e-02,9.659172892570495605e-01,-6.501567959785461426e-01,-2.963386774063110352e-01,-1.352037787437438965e-01,7.736208848655223846e-03
1.350430846214294434e-01,2.114273160696029663e-01,-1.639660149812698364e-01,2.595179677009582520e-01,9.151966869831085205e-02,2.319663017988204956e-01,-1.306577920913696289e-01,6.787463277578353882e-02,2.064899355173110962e-01,1.429997235536575317e-01,-2.771598398685455322e-01,2.670976221561431885e-01,5.796273350715637207e-01,2.316891402006149292e-01,1.922649145126342773e-01,9.656644612550735474e-02,4.370658099651336670e-02,2.098529636859893799e-01,4.483888298273086548e-02,2.108451724052429199e-01,2.591517269611358643e-01,1.895207613706588745e-01,-1.066462039947509766e+00,2.587887942790985107e-01,2.666812017560005188e-02,9.404767304658889771e-02,1.685002297163009644e-01,4.787002131342887878e-02,1.441545784473419189e-01,2.151014804840087891e-01,2.776253521442413330e-01,-3.633977174758911133e-01,2.494333535432815552e-01,-1.679856181144714355e-01,-1.395928394049406052e-02,-2.878823876380920410e-01,2.208162099123001099e-01,1.699119508266448975e-01,1.130401343107223511e-01,5.047112703323364258e-02,2.550230622291564941e-01,2.824155986309051514e-01,1.852069646120071411e-01,1.898780614137649536e-01,1.415290236473083496e-01,1.647434234619140625e-01,1.684404462575912476e-01,2.203044444322586060e-01,2.547431290149688721e-01,6.166781485080718994e-02,2.749219536781311035e-01,1.260426044464111328e-01,7.848865538835525513e-02,4.539644420146942139e-01,-2.246132642030715942e-01,5.752296373248100281e-02,2.096610367298126221e-01,1.319696009159088135e-01,1.072444543242454529e-01,-3.675658106803894043e-01,1.711431294679641724e-01,8.582062274217605591e-02,8.089654892683029175e-02,2.622648477554321289e-01
4.929787945002317429e-03,-1.596572622656822205e-02,3.281628945842385292e-03,-5.552995204925537109e-02,6.340167671442031860e-02,-1.085925623774528503e-01,1.089097708463668823e-01,1.042641326785087585e-01,4.279740527272224426e-02,-1.136882156133651733e-01,-2.893325500190258026e-02,-2.063624328002333641e-03,1.096536815166473389e-01,-1.516556274145841599e-02,-5.536035820841789246e-02,-1.136277988553047180e-01,3.780427947640419006e-02,7.891485095024108887e-02,-5.453239008784294128e-02,-3.791090473532676697e-02,-7.798359543085098267e-02,-1.317652165889739990e-01,-2.798468992114067078e-02,9.591159969568252563e-02,1.850696746259927750e-03,-7.928323745727539062e-02,7.710110396146774292e-02,1.326098479330539703e-02,-5.492564663290977478e-02,-7.595687359571456909e-02,3.068735450506210327e-02,-5.968693643808364868e-02,-1.077037453651428223e-01,-4.975058510899543762e-02,-7.748685777187347412e-02,-8.545891940593719482e-02,-8.194813132286071777e-02,6.116099189966917038e-03,5.980403348803520203e-02,9.126534685492515564e-03,-1.128998845815658569e-01,2.428525872528553009e-02,5.259770527482032776e-02,-1.067398022860288620e-02,-1.880565285682678223e-02,-1.346357017755508423e-01,-1.088957935571670532e-01,-7.342988252639770508e-02,-4.928518459200859070e-02,4.846468940377235413e-02,2.897321991622447968e-02,5.678171291947364807e-02,-1.158744692802429199e-01,-1.350896209478378296e-01,-1.113191321492195129e-01,4.504967480897903442e-02,7.924704998731613159e-02,4.413514211773872375e-02,-3.153100609779357910e-02,-5.102019011974334717e-02,2.535980753600597382e-02,-6.653041392564773560e-02,-3.127118106931447983e-03,-5.205745249986648560e-02
1.061399057507514954e-01,6.960491836071014404e-02,6.268194317817687988e-02,5.690202116966247559e-03,-1.664197631180286407e-02,-1.264758855104446411e-01,-6.568928807973861694e-02,2.246819809079170227e-02,-8.633802086114883423e-02,-1.181410625576972961e-01,5.003383755683898926e-02,-1.117587536573410034e-01,1.040900871157646179e-01,7.628175616264343262e-02,-3.884264454245567322e-02,3.820906579494476318e-02,-9.316627681255340576e-02,-5.912334844470024109e-02,-3.077242337167263031e-02,9.535752236843109131e-02,-7.693108916282653809e-02,3.287143260240554810e-02,7.807071506977081299e-02,-9.694832563400268555e-02,6.716914009302854538e-03,-8.347073197364807129e-02,7.836169749498367310e-02,2.226917445659637451e-02,-2.174162678420543671e-02,-1.131644397974014282e-01,-9.693418443202972412e-02,-6.600282341241836548e-02,6.325577944517135620e-02,1.018378138542175293e-02,-1.001385897397994995e-01,-1.342699825763702393e-01,-4.339561983942985535e-02,-5.974675714969635010e-02,-9.956891089677810669e-02,-4.241340607404708862e-02,-6.714546470902860165e-04,5.899913236498832703e-02,-1.161297559738159180e-01,-1.314339339733123779e-01,-2.521322295069694519e-02,-6.014634668827056885e-02,-1.033395379781723022e-01,-1.817758381366729736e-02,-9.405563771724700928e-02,4.193624854087829590e-02,-6.992965936660766602e-02,-1.240314543247222900e-01,-8.704441785812377930e-02,4.723411053419113159e-02,6.880187988281250000e-02,-4.095845296978950500e-02,-8.881466090679168701e-02,-2.090434543788433075e-03,-6.348565965890884399e-02,-2.364969253540039062e-02,-8.015088737010955811e-02,-4.283023998141288757e-02,7.219189405441284180e-02,-1.317223161458969116e-01
1.872834265232086182e-01,1.727512031793594360e-01,-3.200056254863739014e-01,4.842564836144447327e-02,1.485690623521804810e-01,1.560429036617279053e-01,-1.720162928104400635e-01,7.876496762037277222e-02,1.485794931650161743e-01,8.221270143985748291e-02,-3.124309778213500977e-01,1.799826622009277344e-01,1.163399100303649902e+00,7.655424624681472778e-02,2.580207027494907379e-02,2.713795006275177002e-02,1.373263001441955566e-01,1.825163215398788452e-01,1.756560057401657104e-01,1.333282887935638428e-01,3.009315207600593567e-02,2.084368318319320679e-01,-5.142958164215087891e+00,2.743105590343475342e-01,1.072479039430618286e-01,1.361800730228424072e-01,8.289418369531631470e-02,9.003438800573348999e-02,2.047283500432968140e-01,5.888068675994873047e-02,1.426190286874771118e-01,-7.118649482727050781e-01,2.008012384176254272e-01,-2.871341407299041748e-01,-3.787919580936431885e-01,-2.804473638534545898e-01,4.509120807051658630e-02,1.634453535079956055e-01,2.658591866493225098e-01,1.785483062267303467e-01,9.865360707044601440e-02,1.970731914043426514e-01,1.113770678639411926e-01,1.148603111505508423e-01,1.884762495756149292e-01,1.584734171628952026e-01,5.580994486808776855e-02,4.536295682191848755e-02,5.855324864387512207e-02,1.134451478719711304e-01,2.832320332527160645e-01,5.526825040578842163e-02,5.500030890107154846e-02,4.276338517665863037e-01,6.128087043762207031e-01,1.098569631576538086e-01,6.677747517824172974e-02,2.337126582860946655e-01,8.144754171371459961e-02,-5.165894627571105957e-01,6.861408799886703491e-02,2.500237524509429932e-01,1.636013835668563843e-01,1.410843282938003540e-01
9.861585497856140137e-02,2.105389833450317383e-01,-1.920551806688308716e-01,1.489133983850479126e-01,2.663827836513519287e-01,2.343456000089645386e-01,-1.289256513118743896e-01,1.406484097242355347e-01,1.694282293319702148e-01,2.765926420688629150e-01,-1.957238167524337769e-01,2.198117822408676147e-01,8.234702944755554199e-01,3.471796959638595581e-02,2.370882034301757812e-01,1.058382764458656311e-01,-6.395293772220611572e-02,2.800755500793457031e-01,1.499437987804412842e-01,2.313417345285415649e-01,1.250206828117370605e-01,2.867467999458312988e-01,-2.572731971740722656e+00,6.053257733583450317e-02,3.430769965052604675e-02,1.794493943452835083e-02,1.419083923101425171e-01,2.732720077037811279e-01,1.710242182016372681e-01,8.836278319358825684e-02,2.881913185119628906e-01,-4.306317865848541260e-01,8.224622160196304321e-02,7.725632190704345703e-02,-5.942611396312713623e-02,-1.651557683944702148e-01,1.265663057565689087e-01,8.441189676523208618e-02,2.544215023517608643e-01,2.241076081991195679e-01,2.403802126646041870e-01,9.260764718055725098e-02,2.540059387683868408e-01,9.253078699111938477e-02,1.805051565170288086e-01,2.021536529064178467e-01,2.501506209373474121e-01,1.064414456486701965e-01,1.390269100666046143e-01,7.891077548265457153e-02,2.328792959451675415e-01,1.824304312467575073e-01,2.750424146652221680e-01,3.636327087879180908e-01,-3.568628132343292236e-01,4.567480832338333130e-02,7.808896154165267944e-02,2.619153261184692383e-01,1.874737888574600220e-01,-3.159950375556945801e-01,2.030576616525650024e-01,5.291572213172912598e-02,2.425727844238281250e-01,5.292671173810958862e-02
6.110075488686561584e-02,2.081253081560134888e-01,-2.528218328952789307e-01,3.084849379956722260e-02,1.874849945306777954e-01,1.519631296396255493e-01,-3.754715919494628906e-01,8.202747255563735962e-02,2.510249614715576172e-01,1.776739060878753662e-01,-3.713547289371490479e-01,2.242433652281761169e-02,1.149222373962402344e+00,1.276668161153793335e-01,1.258618980646133423e-01,2.115608304738998413e-01,1.018330156803131104e-01,8.504188060760498047e-02,2.046013474464416504e-01,1.278672665357589722e-01,1.983545571565628052e-01,2.950115501880645752e-01,-5.697099208831787109e+00,6.431625038385391235e-02,1.681493371725082397e-01,-3.136493265628814697e-02,1.169096753001213074e-01,2.378137260675430298e-01,2.190181314945220947e-01,1.802086979150772095e-01,4.496410489082336426e-02,-8.654907941818237305e-01,1.136524006724357605e-01,-3.616166114807128906e-01,-3.966937959194183350e-01,-4.871830642223358154e-01,3.239396959543228149e-02,1.782659590244293213e-01,2.002572715282440186e-01,1.059216335415840149e-01,2.676011919975280762e-01,5.037864670157432556e-02,2.340475320816040039e-01,2.119488269090652466e-01,1.732532978057861328e-01,6.988903135061264038e-02,1.302298456430435181e-01,1.855350434780120850e-01,7.079114019870758057e-02,4.191252216696739197e-02,2.337941676378250122e-01,1.079129129648208618e-01,1.828358620405197144e-01,5.162043571472167969e-01,5.012462735176086426e-01,8.571803569793701172e-02,1.030740067362785339e-01,1.260908395051956177e-01,2.457314282655715942e-01,-3.844563961029052734e-01,2.088336795568466187e-01,1.854095011949539185e-01,9.410709142684936523e-02,1.772070974111557007e-01
1.895939260721206665e-01,1.180252358317375183e-01,-3.640862107276916504e-01,7.679994404315948486e-02,9.459639340639114380e-02,2.328948825597763062e-01,-4.221244156360626221e-01,2.399353235960006714e-01,1.562204807996749878e-01,6.357573717832565308e-02,-3.403775691986083984e-01,2.196159362792968750e-01,1.201513409614562988e+00,7.297813147306442261e-02,3.810154041275382042e-03,6.454739719629287720e-02,-1.054570302367210388e-01,2.558479309082031250e-01,5.658393725752830505e-02,4.857820924371480942e-03,1.943556219339370728e-01,1.737021803855895996e-01,-7.362373352050781250e+00,6.803750991821289062e-02,3.552974015474319458e-02,-3.786735609173774719e-02,1.951919645071029663e-01,8.298200368881225586e-02,1.585296243429183960e-01,1.879697293043136597e-01,1.205957308411598206e-01,-8.725599050521850586e-01,1.913783252239227295e-01,-4.786778688430786133e-01,-4.258429706096649170e-01,-3.625854849815368652e-01,2.243920564651489258e-01,1.008399799466133118e-01,2.287874668836593628e-01,1.510422378778457642e-01,1.973798274993896484e-01,4.239786416292190552e-02,1.428676247596740723e-01,1.730271130800247192e-01,1.193278580904006958e-01,1.699284762144088745e-01,8.157069236040115356e-02,1.802753210067749023e-01,2.188208997249603271e-01,1.021564006805419922e-01,2.127820402383804321e-01,1.508244872093200684e-01,1.408921778202056885e-01,3.531294465065002441e-01,4.178398847579956055e-01,7.208880037069320679e-02,1.059212982654571533e-01,9.868767112493515015e-02,1.737814098596572876e-01,-4.811255931854248047e-01,1.609344333410263062e-01,4.958639666438102722e-02,1.500118225812911987e-01,2.262848764657974243e-01
7.238332033157348633e-01,7.519737482070922852e-01,1.735371723771095276e-02,9.289853572845458984e-01,-1.626152247190475464e-01,3.863435685634613037e-01,3.316397070884704590e-01,-5.718643069267272949e-01,2.437428086996078491e-01,4.023226499557495117e-01,-8.991194888949394226e-03,-5.109876394271850586e-02,9.677757024765014648e-01,-1.901824921369552612e-01,-1.150628253817558289e-01,-4.073219299316406250e-01,2.605013921856880188e-02,-1.119915544986724854e-01,-2.852112352848052979e-01,4.845689982175827026e-02,1.103962212800979614e-01,-5.623569488525390625e-01,-6.337162852287292480e-01,1.749284379184246063e-02,-2.743250727653503418e-01,2.658807672560214996e-02,4.389058798551559448e-02,-2.589646875858306885e-01,7.252463698387145996e-02,-1.595597565174102783e-01,1.216777637600898743e-01,-7.334399819374084473e-01,-1.115959063172340393e-01,3.001891672611236572e-01,3.023225069046020508e-01,6.692299246788024902e-02,-4.016059041023254395e-01,-1.097567081451416016e-01,8.832950145006179810e-02,1.638713330030441284e-01,-1.989670544862747192e-01,-4.751722328364849091e-03,2.035638093948364258e-01,2.605552971363067627e-01,-3.790840804576873779e-01,-5.192543566226959229e-02,9.848165512084960938e-02,9.339468181133270264e-02,-5.239372253417968750e-01,5.203957855701446533e-02,-9.724248200654983521e-02,-1.151441708207130432e-01,-5.250145867466926575e-02,-9.714943170547485352e-02,1.483270078897476196e-01,6.549867987632751465e-02,-3.012402951717376709e-01,1.744481772184371948e-01,-7.231075782328844070e-03,6.709300875663757324e-01,-1.295930862426757812e+00,-3.467306196689605713e-01,-3.592546880245208740e-01,8.476820588111877441e-02
-8.940064348280429840e-03,-2.139633754268288612e-03,1.110480576753616333e-01,1.571749150753021240e-01,-8.262687921524047852e-02,2.098900824785232544e-02,-5.100103840231895447e-02,-3.952782973647117615e-02,1.098748072981834412e-01,-1.002133544534444809e-02,-2.169798500835895538e-02,-1.200054585933685303e-01,7.180903851985931396e-02,-6.076849251985549927e-02,-3.755485638976097107e-02,3.028813004493713379e-02,6.292745005339384079e-03,1.134419441223144531e-01,-1.339735388755798340e-01,8.122853934764862061e-02,-1.047507822513580322e-01,2.793950401246547699e-02,-4.570362344384193420e-02,8.747074007987976074e-02,1.055079922080039978e-01,-4.148023203015327454e-02,-5.844498425722122192e-02,9.206596761941909790e-02,-2.919575385749340057e-02,2.579187788069248199e-02,-2.507250057533383369e-03,1.598293334245681763e-02,-6.774163991212844849e-02,-1.694728061556816101e-02,3.324465453624725342e-02,-7.181242108345031738e-02,-8.870934695005416870e-02,6.780897825956344604e-02,7.962843030691146851e-02,-2.347785606980323792e-02,-7.105896621942520142e-02,2.194476872682571411e-02,-1.316680610179901123e-01,1.042370218783617020e-02,4.631111398339271545e-03,2.205082960426807404e-02,9.758534142747521400e-04,-5.866307765245437622e-02,-6.936246156692504883e-02,8.000607788562774658e-02,-4.760136827826499939e-02,2.039328031241893768e-02,-5.478328838944435120e-02,4.014023393392562866e-02,1.618693210184574127e-02,4.182302206754684448e-02,-1.168800219893455505e-01,-2.764137461781501770e-02,1.132148206233978271e-01,-7.720565795898437500e-02,8.045353740453720093e-02,-2.495888434350490570e-02,-1.578001119196414948e-02,-1.308213919401168823e-01
-9.684653282165527344e-01,1.663933992385864258e-01,2.073355205357074738e-02,-8.288711309432983398e-01,-8.129507303237915039e-01,-3.136525452136993408e-01,4.497323334217071533e-01,-6.200319528579711914e-02,-2.505560517311096191e-01,-6.020926237106323242e-01,4.316219091415405273e-01,2.326151877641677856e-01,5.845884084701538086e-01,2.035754323005676270e-01,2.089498937129974365e-01,5.493254065513610840e-01,-9.239402413368225098e-02,-2.346508353948593140e-01,-2.207175642251968384e-01,-5.801345109939575195e-01,-5.667067766189575195e-01,1.212328314781188965e+00,-1.005362629890441895e+00,-4.347109496593475342e-01,-6.743555665016174316e-01,8.931540697813034058e-02,9.025169909000396729e-02,-1.163352504372596741e-01,2.839509844779968262e-01,1.211962196975946426e-02,-1.393012851476669312e-01,-7.300943136215209961e-01,6.638497114181518555e-02,5.450741052627563477e-01,5.193847417831420898e-01,5.358907580375671387e-01,3.320831805467605591e-02,-1.276570558547973633e-01,-3.133406639099121094e-01,-7.670071721076965332e-01,-7.605717182159423828e-01,-1.449359655380249023e-01,-2.506266534328460693e-01,-1.898332685232162476e-01,3.954079449176788330e-01,2.586355619132518768e-02,-9.012298285961151123e-02,1.284118443727493286e-01,6.878983229398727417e-02,-3.027513325214385986e-01,-3.995249867439270020e-01,-1.093171313405036926e-01,-8.190788030624389648e-01,-1.304863214492797852e+00,-2.417690902948379517e-01,2.939773537218570709e-02,-6.443694829940795898e-01,2.623050101101398468e-02,1.771080791950225830e-01,-1.499036401510238647e-01,-1.833991646766662598e+00,1.539622098207473755e-01,-1.476555764675140381e-01,-2.259800583124160767e-01
2.415310144424438477e-01,2.128756940364837646e-01,-3.837994635105133057e-01,9.230200946331024170e-02,1.318852454423904419e-01,1.966090947389602661e-01,-2.472704797983169556e-01,5.183599889278411865e-02,1.194317713379859924e-01,7.128508388996124268e-02,-1.468424052000045776e-01,2.008049637079238892e-01,9.777172803878784180e-01,2.345609962940216064e-01,9.478003531694412231e-02,2.418003380298614502e-01,-6.693226844072341919e-02,8.752436190843582153e-02,4.692453891038894653e-02,2.461735457181930542e-01,2.391091436147689819e-01,2.940526604652404785e-01,-3.049619913101196289e+00,2.338097691535949707e-01,4.727297276258468628e-02,-1.611374691128730774e-02,2.081911265850067139e-01,2.574745416641235352e-01,6.675092130899429321e-02,3.132987394928932190e-02,2.606344968080520630e-02,-6.514239311218261719e-01,3.619170933961868286e-02,-3.245870471000671387e-01,-3.389808237552642822e-01,-2.387293130159378052e-01,1.138203293085098267e-01,4.476474970579147339e-02,1.192461773753166199e-01,1.662818193435668945e-01,6.351750344038009644e-02,1.301829516887664795e-01,2.033880800008773804e-01,1.786024421453475952e-01,6.530338525772094727e-02,2.507182359695434570e-01,2.574274241924285889e-01,2.424664497375488281e-01,1.349269896745681763e-01,1.353746056556701660e-01,2.810544371604919434e-01,8.143913745880126953e-02,1.332505345344543457e-01,2.618755400180816650e-01,2.686837911605834961e-01,2.162084281444549561e-01,5.723365768790245056e-02,1.326016187667846680e-01,4.602998495101928711e-02,-6.765686869621276855e-01,2.076204717159271240e-01,1.709395498037338257e-01,7.902281731367111206e-02,2.425520122051239014e-01
5.115769505500793457e-01,-1.444621533155441284e-01,4.691594541072845459e-01,8.525165319442749023e-01,1.690036244690418243e-02,1.255658268928527832e-01,1.741988360881805420e-01,-4.637056589126586914e-01,-1.672611087560653687e-01,5.950385928153991699e-01,1.554964929819107056e-01,6.579973548650741577e-02,-3.987691923975944519e-02,1.595658659934997559e-01,-2.347714751958847046e-01,-2.375732362270355225e-01,-6.719038635492324829e-02,-8.241373114287853241e-03,-2.229146845638751984e-02,1.185110658407211304e-01,1.011159364134073257e-02,-2.436414808034896851e-01,8.151004910469055176e-01,-3.536926209926605225e-02,1.304935663938522339e-01,-6.602708995342254639e-02,1.013867855072021484e-01,-3.148041367530822754e-01,-6.641943752765655518e-02,7.521300017833709717e-02,-1.824926882982254028e-01,3.363198637962341309e-01,7.728870213031768799e-02,2.314526140689849854e-01,2.690575718879699707e-01,1.315233856439590454e-01,-4.873827397823333740e-01,-1.882622390985488892e-01,-4.436030238866806030e-02,1.045855432748794556e-01,3.198333978652954102e-01,-5.873466655611991882e-02,8.560273796319961548e-02,1.286075413227081299e-01,-2.344215661287307739e-01,-2.076084166765213013e-02,-2.951905429363250732e-01,-3.688595816493034363e-02,2.952548116445541382e-02,-5.308486521244049072e-02,4.510048031806945801e-01,8.324614726006984711e-03,1.686702221632003784e-01,-2.232861965894699097e-01,-9.062830358743667603e-02,-1.884830445051193237e-01,-1.068080887198448181e-01,1.212709397077560425e-01,8.507356047630310059e-02,-1.815958321094512939e-01,-5.885310769081115723e-01,-4.123180806636810303e-01,1.109035313129425049e-01,5.707504227757453918e-02
1.073332652449607849e-01,6.074618548154830933e-02,9.133400917053222656e-01,1.322616785764694214e-01,2.434025891125202179e-02,-6.576127838343381882e-03,1.313301175832748413e-01,-1.850702241063117981e-02,1.215689703822135925e-01,1.496121287345886230e-01,-7.685077935457229614e-02,-6.129756942391395569e-02,-7.674211859703063965e-01,-1.072533354163169861e-01,6.265515834093093872e-02,2.331933230161666870e-01,-1.156433075666427612e-01,-5.531407892704010010e-02,-1.006341055035591125e-01,-1.550770699977874756e-01,6.535062938928604126e-02,4.075774177908897400e-02,8.289135098457336426e-01,7.798998802900314331e-02,-7.184681482613086700e-03,-5.094793811440467834e-02,1.314279250800609589e-02,1.433165669441223145e-01,-1.001749709248542786e-01,-1.252714246511459351e-01,4.908542335033416748e-02,-2.428367376327514648e+00,6.140112876892089844e-02,1.256445199251174927e-01,1.809333711862564087e-01,1.096880435943603516e-01,5.240725353360176086e-02,-3.308734670281410217e-02,7.170388102531433105e-02,-1.272926330566406250e-01,2.202341891825199127e-02,-1.139142513275146484e-01,1.765803992748260498e-02,1.111404076218605042e-01,9.929326921701431274e-02,-1.793986745178699493e-02,-1.011803150177001953e-01,-7.564873248338699341e-02,1.710407733917236328e-01,1.026169303804636002e-02,-1.861534714698791504e-01,8.338515460491180420e-02,1.194232404232025146e-01,3.046264946460723877e-01,-1.269353628158569336e+00,-2.752557769417762756e-02,-6.317445635795593262e-02,-8.234574645757675171e-02,1.759982481598854065e-02,-3.555328607559204102e+00,9.441617876291275024e-02,-1.151628717780113220e-01,-1.219554543495178223e-01,-6.919752806425094604e-02
1.616258621215820312e-01,1.460776478052139282e-01,-3.626195788383483887e-01,1.500665247440338135e-01,1.858731955289840698e-01,2.740790843963623047e-01,-2.819171845912933350e-01,1.176326870918273926e-01,2.416799217462539673e-01,8.013460040092468262e-02,-2.068883776664733887e-01,7.869038730859756470e-02,8.034759759902954102e-01,7.243231683969497681e-02,2.767882943153381348e-01,6.219949200749397278e-02,-5.253635719418525696e-02,1.640042513608932495e-01,2.417986989021301270e-01,1.994181126356124878e-01,1.341742277145385742e-01,1.095331683754920959e-01,-2.804068326950073242e+00,1.674925982952117920e-01,-1.099820435047149658e-02,-2.085555717349052429e-02,1.732922196388244629e-01,7.652254402637481689e-02,2.923710644245147705e-01,1.803298741579055786e-01,2.745811343193054199e-01,-3.512675166130065918e-01,2.722299098968505859e-02,-1.397484242916107178e-01,-1.461107432842254639e-01,-1.937305778264999390e-01,2.690572440624237061e-01,4.708733409643173218e-02,2.436006218194961548e-01,2.413868010044097900e-01,1.131653934717178345e-01,2.407315820455551147e-01,1.770056784152984619e-01,2.729341983795166016e-01,1.944650262594223022e-01,2.558337748050689697e-01,5.756042152643203735e-02,1.018024608492851257e-01,5.444137006998062134e-02,4.373914748430252075e-02,9.250849485397338867e-02,1.030964106321334839e-01,2.419947385787963867e-01,4.460469186305999756e-01,-9.791672229766845703e-02,2.414557337760925293e-01,2.685326933860778809e-01,1.710483878850936890e-01,2.304871082305908203e-01,-5.011776685714721680e-01,2.665029466152191162e-01,1.092059537768363953e-01,1.138919889926910400e-01,1.056513264775276184e-01
1.912621706724166870e-01,1.887832432985305786e-01,-3.572508096694946289e-01,1.668410599231719971e-01,1.767347007989883423e-01,1.252203732728958130e-01,-2.207307964563369751e-01,9.867416322231292725e-02,6.266470253467559814e-02,7.025575637817382812e-02,-2.859366834163665771e-01,2.395522594451904297e-01,1.053891062736511230e+00,7.895005494356155396e-02,2.720836102962493896e-01,9.232547879219055176e-02,-3.530623391270637512e-02,1.030140146613121033e-01,2.355692982673645020e-01,2.252043485641479492e-01,2.028191536664962769e-01,2.211246341466903687e-01,-4.067853450775146484e+00,1.660682559013366699e-01,2.401221841573715210e-01,-7.825384289026260376e-02,8.974905312061309814e-02,1.979896724224090576e-01,1.821934580802917480e-01,2.238633036613464355e-01,2.544074356555938721e-01,-5.912431478500366211e-01,1.632919162511825562e-01,-3.074927031993865967e-01,-2.566783130168914795e-01,-4.454274773597717285e-01,1.829024255275726318e-01,1.933888643980026245e-01,3.700028359889984131e-02,2.686378061771392822e-01,1.222187951207160950e-01,1.258573830127716064e-01,1.706824749708175659e-01,1.766616851091384888e-01,2.200065702199935913e-01,4.543400928378105164e-02,3.122663125395774841e-02,1.784644871950149536e-01,1.227923631668090820e-01,2.007967829704284668e-01,1.498626619577407837e-01,1.772236078977584839e-01,1.696608960628509521e-01,2.686887383460998535e-01,2.310084700584411621e-01,8.332096040248870850e-02,2.778937518596649170e-01,8.279073983430862427e-02,2.024728953838348389e-01,-5.613824725151062012e-01,1.963528692722320557e-01,4.231079295277595520e-02,1.018972471356391907e-01,5.969019234180450439e-02
2.127604335546493530e-01,1.658002287149429321e-01,-1.747481822967529297e-01,2.123967707157135010e-01,6.144479289650917053e-02,2.540132999420166016e-01,-1.873752325773239136e-01,2.514906525611877441e-01,2.073124647140502930e-01,1.185996010899543762e-01,-3.578539490699768066e-01,1.065723299980163574e-01,1.230214357376098633e+00,1.067327409982681274e-01,5.243611335754394531e-02,2.166416645050048828e-01,6.252624094486236572e-02,1.248410418629646301e-01,9.428262710571289062e-02,1.761741787195205688e-01,1.605910807847976685e-01,2.969153821468353271e-01,-6.902536869049072266e+00,1.979965567588806152e-01,2.058682888746261597e-01,-8.508570492267608643e-02,1.204337999224662781e-01,2.651920914649963379e-01,7.921421527862548828e-02,7.203940302133560181e-02,5.853781104087829590e-02,-5.855048894882202148e-01,6.956198066473007202e-02,-2.989767789840698242e-01,-4.416234791278839111e-01,-4.385291039943695068e-01,1.554571539163589478e-01,2.055666446685791016e-01,1.201619133353233337e-01,2.270988672971725464e-01,2.511266171932220459e-01,1.805833876132965088e-01,1.403689980506896973e-01,1.384709030389785767e-01,2.682958357036113739e-02,3.397899866104125977e-02,1.616559922695159912e-01,1.328710373491048813e-02,1.277290731668472290e-01,1.245416849851608276e-01,1.083169206976890564e-01,1.042468026280403137e-01,6.574700027704238892e-02,3.884627819061279297e-01,5.855836272239685059e-01,1.024151220917701721e-01,2.037520706653594971e-01,7.469072937965393066e-02,4.788855835795402527e-02,-4.566701352596282959e-01,1.937537938356399536e-01,1.171270012855529785e-01,2.724110186100006104e-01,7.232888787984848022e-02
5.944548919796943665e-02,4.034315049648284912e-02,-4.008978903293609619e-01,1.730767190456390381e-01,1.702710390090942383e-01,2.257605791091918945e-01,-3.598891496658325195e-01,2.577605247497558594e-01,9.817161411046981812e-02,2.696865797042846680e-01,-3.094873428344726562e-01,2.002934068441390991e-01,1.131816625595092773e+00,2.454453259706497192e-01,2.699981033802032471e-01,1.139958500862121582e-01,-5.258867517113685608e-02,2.029039114713668823e-01,2.349320054054260254e-01,2.609525024890899658e-01,9.369068592786788940e-02,2.044200748205184937e-01,-3.278996944427490234e+00,5.222650617361068726e-02,1.502949148416519165e-01,-9.771308302879333496e-02,1.807726919651031494e-01,3.018360137939453125e-01,7.560621201992034912e-02,1.428234577178955078e-01,1.426695585250854492e-01,-5.791620016098022461e-01,6.182815507054328918e-02,-2.432553768157958984e-01,-2.520390450954437256e-01,-3.847011923789978027e-01,2.196866273880004883e-01,2.757538557052612305e-01,1.813125014305114746e-01,1.250603199005126953e-01,1.386810988187789917e-01,1.688221096992492676e-01,1.149858534336090088e-01,2.499836683273315430e-01,6.297007948160171509e-02,7.281807810068130493e-02,7.584035396575927734e-02,1.679503917694091797e-01,1.999920755624771118e-01,1.160024702548980713e-01,1.075450927019119263e-01,2.472594678401947021e-01,1.271954923868179321e-01,4.370161294937133789e-01,3.371979594230651855e-01,1.966128945350646973e-01,1.287664622068405151e-01,2.174897342920303345e-01,2.722455561161041260e-01,-6.676397323608398438e-01,2.307378500699996948e-01,2.018937170505523682e-01,1.651448160409927368e-01,1.464582532644271851e-01
1.020639985799789429e-01,1.865367293357849121e-01,-3.334291279315948486e-01,2.652925848960876465e-01,2.585677504539489746e-01,1.176421046257019043e-01,-7.934796065092086792e-02,2.720315456390380859e-01,1.221834123134613037e-01,1.820020824670791626e-01,-3.154270648956298828e-01,1.173612549901008606e-01,9.337151646614074707e-01,1.517125815153121948e-01,2.099488973617553711e-01,2.746604681015014648e-01,1.056610792875289917e-01,7.070723176002502441e-02,1.965412348508834839e-01,3.317443281412124634e-02,1.201223880052566528e-01,1.371354013681411743e-01,-2.876861333847045898e+00,1.114661172032356262e-01,1.702809035778045654e-01,-2.265331707894802094e-02,1.561880111694335938e-01,1.805908679962158203e-01,7.386960834264755249e-02,2.215001732110977173e-01,1.908173263072967529e-01,-6.772889494895935059e-01,2.731635272502899170e-01,-7.345648854970932007e-02,-1.460018157958984375e-01,-3.748766481876373291e-01,1.994248777627944946e-01,1.307553797960281372e-01,7.101415842771530151e-02,2.132179737091064453e-01,7.427579164505004883e-02,1.598515808582305908e-01,1.594631820917129517e-01,2.443812489509582520e-01,2.259259372949600220e-01,2.404251396656036377e-01,1.875083744525909424e-01,2.956318557262420654e-01,1.840064972639083862e-01,1.734634935855865479e-01,2.187260538339614868e-01,1.719713360071182251e-01,2.555272579193115234e-01,3.345585167407989502e-01,-2.045228183269500732e-01,1.876595169305801392e-01,2.139893770217895508e-01,2.463530302047729492e-01,1.771054863929748535e-01,-5.370639562606811523e-01,7.853355258703231812e-02,1.092772334814071655e-01,2.492523044347763062e-01,6.348519772291183472e-02
1.753339618444442749e-01,2.500373721122741699e-01,-4.584229886531829834e-01,1.011143326759338379e-01,8.277885615825653076e-02,2.298575639724731445e-01,-2.613073885440826416e-01,4.051811248064041138e-02,2.326499968767166138e-01,9.183432906866073608e-02,-2.663389146327972412e-01,4.992847144603729248e-02,8.785063028335571289e-01,1.864857226610183716e-01,1.477578729391098022e-01,8.888199925422668457e-02,5.045478790998458862e-02,1.592250019311904907e-01,5.494136735796928406e-02,1.947030425071716309e-01,2.297438383102416992e-01,2.542304098606109619e-01,-2.795819044113159180e+00,1.970384120941162109e-01,1.731362044811248779e-01,-2.311594784259796143e-02,5.072116106748580933e-02,5.768663063645362854e-02,2.634981274604797363e-01,7.902511209249496460e-02,2.181650549173355103e-01,-5.451251864433288574e-01,5.449574440717697144e-02,-9.406576305627822876e-02,-6.739025563001632690e-02,-1.690333485603332520e-01,2.164114266633987427e-01,2.483878098428249359e-02,1.766237914562225342e-01,5.542030930519104004e-02,2.004760056734085083e-01,1.011705920100212097e-01,2.634399533271789551e-01,8.661973476409912109e-02,1.578653007745742798e-01,1.034315228462219238e-01,1.672113388776779175e-01,2.275641560554504395e-01,7.876081019639968872e-02,2.109661847352981567e-01,1.532934308052062988e-01,1.351088285446166992e-01,1.100004017353057861e-01,3.069008290767669678e-01,-1.308817565441131592e-01,1.433982551097869873e-01,2.285569012165069580e-01,9.279932826757431030e-02,1.574524044990539551e-01,-6.455263495445251465e-01,2.426964491605758667e-01,1.658230721950531006e-01,5.488204956054687500e-02,1.109504103660583496e-01
1.987783461809158325e-01,3.073418140411376953e-01,2.068299353122711182e-01,1.537861078977584839e-01,-5.110091716051101685e-02,1.732697635889053345e-01,4.457742273807525635e-01,-2.169135063886642456e-01,-1.302844583988189697e-01,1.018665134906768799e-01,1.772471666336059570e-01,-7.363326847553253174e-02,1.671492576599121094e+00,-1.045101135969161987e-01,-2.120271921157836914e-01,-2.778250277042388916e-01,-6.022248789668083191e-02,-1.133528873324394226e-01,-3.535873070359230042e-02,1.542309075593948364e-01,4.634596779942512512e-02,-5.453508347272872925e-02,-4.045164883136749268e-01,1.219830662012100220e-01,2.307642847299575806e-01,-2.782645821571350098e-02,2.210329100489616394e-02,6.296464800834655762e-02,-2.399925142526626587e-01,-2.033157348632812500e-01,4.232935979962348938e-02,7.088767886161804199e-01,-1.587166190147399902e-01,3.188698589801788330e-01,2.986491024494171143e-01,1.844293028116226196e-01,-3.069892823696136475e-01,1.289771646261215210e-01,1.209515333175659180e-01,5.653958395123481750e-02,3.584623634815216064e-01,-6.840233504772186279e-02,1.730247437953948975e-01,1.223121359944343567e-01,-2.960378527641296387e-01,-6.135493889451026917e-02,-3.211231902241706848e-02,-1.337632164359092712e-02,-6.653268635272979736e-02,1.621545404195785522e-01,2.792787551879882812e-01,-1.084215641021728516e-01,1.150984913110733032e-01,-1.273031681776046753e-01,2.421388924121856689e-01,-2.200372815132141113e-01,-6.079281121492385864e-02,-2.183306589722633362e-02,-1.491271555423736572e-01,4.772866070270538330e-01,-3.270599991083145142e-02,-2.117102891206741333e-01,3.155371546745300293e-01,-4.733886569738388062e-02
1.447334140539169312e-01,1.593141257762908936e-01,-2.636598646640777588e-01,7.200476527214050293e-02,7.904058694839477539e-02,2.200080454349517822e-01,-3.540188372135162354e-01,2.658987343311309814e-01,9.445166587829589844e-02,2.161403596401214600e-01,-1.505102515220642090e-01,2.190399467945098877e-01,8.856787681579589844e-01,1.159823909401893616e-01,2.982894182205200195e-01,1.559358388185501099e-01,4.814110323786735535e-02,2.660066187381744385e-01,2.162779718637466431e-01,1.673682183027267456e-01,5.747734755277633667e-02,2.886695861816406250e-01,-2.562670707702636719e+00,2.470947653055191040e-01,1.426542550325393677e-01,-6.586054712533950806e-02,1.999956071376800537e-01,9.771995246410369873e-02,2.736181020736694336e-01,6.177399680018424988e-02,1.963605880737304688e-01,-6.631233096122741699e-01,2.524409294128417969e-01,-3.260436952114105225e-01,-2.193753272294998169e-01,-4.037217497825622559e-01,3.989221900701522827e-02,1.633906960487365723e-01,1.818189173936843872e-01,2.251747548580169678e-01,1.943793147802352905e-01,8.073430508375167847e-02,1.205509006977081299e-01,1.519822925329208374e-01,1.845473647117614746e-01,2.225511670112609863e-01,1.266131401062011719e-01,2.279434353113174438e-01,1.813792437314987183e-01,1.412323713302612305e-01,2.800922393798828125e-01,2.195596098899841309e-01,2.234787940979003906e-01,3.659229874610900879e-01,1.528854854404926300e-02,9.435342252254486084e-02,1.627869606018066406e-01,4.675396531820297241e-02,1.088856160640716553e-01,-4.845330119132995605e-01,2.289936244487762451e-01,2.775606811046600342e-01,9.407528489828109741e-02,2.244153022766113281e-01
2.056227326393127441e-01,7.164577394723892212e-02,-1.009387746453285217e-01,2.893947437405586243e-02,3.055343776941299438e-02,1.944237649440765381e-01,-2.153393179178237915e-01,-1.808495260775089264e-02,1.314525455236434937e-01,1.631999164819717407e-01,-2.235925495624542236e-01,1.562667042016983032e-01,1.089038252830505371e+00,1.868295967578887939e-01,-3.270593658089637756e-02,4.125718399882316589e-02,-4.069378972053527832e-02,1.330312490463256836e-01,1.776913106441497803e-01,8.545969426631927490e-02,1.837831735610961914e-01,6.012606620788574219e-02,-8.282881736755371094e+00,1.380503475666046143e-01,2.402506582438945770e-02,-3.208885714411735535e-02,1.623206585645675659e-01,5.648816376924514771e-02,7.688280194997787476e-02,1.282668709754943848e-01,1.518457382917404175e-01,-5.817494988441467285e-01,1.852153427898883820e-02,-3.201933801174163818e-01,-3.723394274711608887e-01,-4.631641209125518799e-01,4.246064461767673492e-03,1.932079344987869263e-01,7.988655567169189453e-02,2.666560187935829163e-02,8.136908710002899170e-02,1.747272163629531860e-01,1.965869814157485962e-01,1.593026816844940186e-01,1.673408001661300659e-01,1.663734912872314453e-01,9.426005929708480835e-02,1.426715403795242310e-01,3.220400959253311157e-02,3.465876355767250061e-02,1.402175575494766235e-01,7.427258044481277466e-02,1.496674716472625732e-01,4.269937574863433838e-01,-2.857390791177749634e-02,1.187984272837638855e-01,7.734458893537521362e-02,1.045853048563003540e-01,5.509782582521438599e-03,-2.742902934551239014e-01,2.152867317199707031e-01,-4.918673262000083923e-02,5.408896878361701965e-02,1.126494482159614563e-01
2.765766978263854980e-01,9.774138033390045166e-02,-4.349914491176605225e-01,4.909454286098480225e-02,3.165905550122261047e-02,2.752825021743774414e-01,-1.019580736756324768e-01,2.658757865428924561e-01,2.330856174230575562e-01,8.674643188714981079e-02,-1.871232241392135620e-01,2.925921082496643066e-01,7.328778505325317383e-01,5.655845999717712402e-02,2.487010210752487183e-01,1.813711076974868774e-01,-1.816135458648204803e-02,1.826432347297668457e-01,2.193309515714645386e-01,7.833677530288696289e-02,2.037578076124191284e-01,2.900540530681610107e-01,-2.910663604736328125e+00,2.785160541534423828e-01,6.179000809788703918e-02,-5.277450010180473328e-02,1.483268290758132935e-01,1.787071228027343750e-01,2.795921564102172852e-01,1.822157502174377441e-01,1.850724667310714722e-01,-4.874566793441772461e-01,1.063969805836677551e-01,-7.555116713047027588e-02,-1.931449323892593384e-01,-5.342250689864158630e-02,2.816579043865203857e-01,1.661009043455123901e-01,1.335978209972381592e-01,2.314774543046951294e-01,2.453741133213043213e-01,2.265882790088653564e-01,2.671290636062622070e-01,2.095408737659454346e-01,1.420187354087829590e-01,2.106582224369049072e-01,2.394681125879287720e-01,1.177464947104454041e-01,6.382324546575546265e-02,1.587485969066619873e-01,1.022522449493408203e-01,2.653795480728149414e-01,2.284628450870513916e-01,3.426239192485809326e-01,-3.391404151916503906e-01,7.011040300130844116e-02,2.576653361320495605e-01,1.058955192565917969e-01,1.857472956180572510e-01,-3.164392411708831787e-01,2.343991547822952271e-01,1.550156921148300171e-01,1.831169128417968750e-01,2.228477895259857178e-01
7.694120518863201141e-03,8.365949988365173340e-02,8.303380012512207031e-02,-1.361546665430068970e-01,9.945274889469146729e-02,2.724199369549751282e-02,-6.458375602960586548e-02,9.780307859182357788e-02,-1.102883741259574890e-01,-1.010237913578748703e-02,7.246372848749160767e-02,-6.544206291437149048e-02,6.268583983182907104e-02,-3.726254403591156006e-02,-6.012233719229698181e-02,-1.254901196807622910e-02,6.058311462402343750e-02,5.336394906044006348e-02,-8.161080628633499146e-02,-6.650027632713317871e-02,-9.009593166410923004e-03,-3.590146824717521667e-02,-5.313527770340442657e-03,-7.579309493303298950e-02,-1.294356584548950195e-01,6.911560893058776855e-02,-1.906501129269599915e-02,-1.104210130870342255e-02,-1.330853253602981567e-01,-2.181883156299591064e-02,1.052926853299140930e-01,-7.178329676389694214e-02,-1.227007731795310974e-01,6.002752482891082764e-02,-3.488586470484733582e-02,-1.281576156616210938e-01,1.011903285980224609e-01,6.176760420203208923e-02,-6.479540467262268066e-02,-1.305516213178634644e-01,-2.767927385866641998e-02,8.237929642200469971e-02,-2.248049341142177582e-02,-2.982757799327373505e-02,7.272141426801681519e-02,3.312505409121513367e-02,4.332828894257545471e-02,-8.277920074760913849e-03,-1.090491712093353271e-01,4.823737591505050659e-02,-6.711287796497344971e-02,5.874831974506378174e-02,-8.525388315320014954e-03,1.059274598956108093e-01,8.585062623023986816e-02,-9.081459045410156250e-02,-3.615068038925528526e-03,6.556637585163116455e-02,-7.098756730556488037e-02,-5.705402698367834091e-03,9.398514777421951294e-02,-1.120009571313858032e-01,-1.107544302940368652e-01,2.057727985084056854e-02
-8.229048922657966614e-03,2.263535931706428528e-02,-6.134315952658653259e-02,2.981937676668167114e-02,7.735300809144973755e-02,-1.882800273597240448e-02,-3.439250960946083069e-02,-1.124989539384841919e-01,3.757600643439218402e-05,8.264987915754318237e-02,-8.579597808420658112e-03,-7.155561354011297226e-03,-3.768762946128845215e-02,-5.319573730230331421e-02,-7.316756993532180786e-02,4.671651497483253479e-02,6.920185685157775879e-02,-2.739146351814270020e-02,6.498032715171575546e-03,-3.264741599559783936e-02,6.642253696918487549e-02,-1.204431895166635513e-02,1.202513813041150570e-03,-2.210825309157371521e-02,-1.365288943052291870e-01,-2.249145507812500000e-02,-8.388698101043701172e-02,-1.195959970355033875e-01,-8.085581660270690918e-02,4.069794341921806335e-02,6.534736137837171555e-03,1.024797186255455017e-01,-9.653972834348678589e-02,-9.962586313486099243e-02,5.622282996773719788e-02,9.532025083899497986e-03,-9.078846126794815063e-02,-1.349715590476989746e-01,4.900581017136573792e-02,3.875299915671348572e-02,-1.186185032129287720e-01,7.852020114660263062e-02,-1.154276505112648010e-01,-8.996228873729705811e-02,-4.710407555103302002e-02,-1.457508355379104614e-01,4.143273457884788513e-02,-6.849202513694763184e-02,-1.247924119234085083e-01,-1.008857786655426025e-01,5.535777285695075989e-02,3.171611949801445007e-02,-8.714164048433303833e-02,7.563490420579910278e-03,-1.433274745941162109e-01,-9.076020866632461548e-02,-8.899581618607044220e-03,8.760572969913482666e-02,6.163494661450386047e-02,-1.128054559230804443e-01,4.897934943437576294e-02,2.545488253235816956e-02,3.378733992576599121e-02,-1.144443824887275696e-01
1.984383314847946167e-01,1.159870699048042297e-01,3.769977688789367676e-01,4.027698934078216553e-01,1.489479094743728638e-02,2.467737644910812378e-01,2.488506734371185303e-01,-2.327591627836227417e-01,-6.850679963827133179e-02,3.224838972091674805e-01,1.977854222059249878e-01,-1.744965910911560059e-01,-5.138190388679504395e-01,5.427360907196998596e-02,5.255023762583732605e-02,-2.929647862911224365e-01,5.297933518886566162e-02,-5.036229640245437622e-02,-6.040142104029655457e-02,4.557039588689804077e-02,-2.632008679211139679e-02,-4.591423869132995605e-01,7.741842865943908691e-01,7.694316655397415161e-02,1.107903271913528442e-01,-8.775173872709274292e-02,-9.377467632293701172e-02,-3.389052152633666992e-01,-1.454535722732543945e-01,2.538548223674297333e-02,-3.611059114336967468e-02,4.454911649227142334e-01,4.063709825277328491e-02,2.071734666824340820e-01,2.593459486961364746e-01,2.695951759815216064e-01,-1.461862921714782715e-01,-4.836428910493850708e-03,-6.188471615314483643e-02,-2.913187257945537567e-02,-2.109272405505180359e-02,5.711407214403152466e-02,3.517597913742065430e-02,2.995415404438972473e-02,-3.090565204620361328e-01,9.021421521902084351e-02,-1.194376796483993530e-01,-1.043433025479316711e-01,5.854026414453983307e-03,-6.801833212375640869e-02,2.623326480388641357e-01,-2.898149937391281128e-02,4.262676090002059937e-02,-3.806095421314239502e-01,-2.385641336441040039e-01,-1.226783245801925659e-01,-1.890279799699783325e-01,-6.154141575098037720e-02,-3.264140710234642029e-02,5.858387947082519531e-01,-4.139525890350341797e-01,-7.098037004470825195e-02,-8.399933576583862305e-02,1.915992647409439087e-01
9.651646763086318970e-02,2.215752899646759033e-01,2.109406292438507080e-01,2.913178205490112305e-01,9.333421289920806885e-02,3.057415783405303955e-01,5.217922106385231018e-02,-3.953108564019203186e-02,8.358468115329742432e-02,1.657453775405883789e-01,6.286431849002838135e-02,1.006480231881141663e-01,-1.322321176528930664e+00,-1.243578493595123291e-01,-6.225385237485170364e-03,-3.682360947132110596e-01,-1.052170991897583008e-02,1.567558944225311279e-01,-7.474106736481189728e-03,-1.703231682768091559e-04,-5.560995265841484070e-02,-5.231074094772338867e-01,9.885479211807250977e-01,1.283389478921890259e-01,-5.810917541384696960e-02,-3.893680870532989502e-02,-8.769887685775756836e-02,-1.189598366618156433e-01,-1.890068650245666504e-01,-6.971970666199922562e-03,2.031323872506618500e-02,1.224826931953430176e+00,-4.625625908374786377e-02,3.004935085773468018e-01,2.003397792577743530e-01,-2.729822695255279541e-02,-7.872626930475234985e-02,1.582990139722824097e-01,6.906257569789886475e-02,-2.028150856494903564e-01,-7.527650147676467896e-02,-6.340795755386352539e-02,4.616562649607658386e-02,-1.074298173189163208e-01,2.218355983495712280e-02,1.291778683662414551e-01,-1.157538667321205139e-01,7.250695675611495972e-02,-5.021987855434417725e-02,-2.028200216591358185e-02,1.113020256161689758e-01,-1.074201539158821106e-01,4.882195219397544861e-02,4.827807247638702393e-01,8.165109902620315552e-02,1.067549437284469604e-01,-1.252745091915130615e-01,-1.978626847267150879e-02,1.157156974077224731e-01,7.392671704292297363e-01,-6.701424121856689453e-01,-2.480129897594451904e-01,-1.520114243030548096e-01,-3.263757750391960144e-02
-1.442856192588806152e-01,2.233629226684570312e-01,-1.900158077478408813e-01,1.210233718156814575e-01,-1.765252090990543365e-02,2.091938555240631104e-01,-1.323080509901046753e-01,-6.647770106792449951e-02,2.331176698207855225e-01,-1.779236644506454468e-01,1.045972034335136414e-01,8.399615436792373657e-02,-1.401861429214477539e+00,-4.621406272053718567e-02,1.270927041769027710e-01,-2.069461941719055176e-01,-1.077640652656555176e-01,1.212742105126380920e-01,3.504849225282669067e-02,2.096747905015945435e-01,-3.614311292767524719e-02,2.015324532985687256e-01,8.858031034469604492e-01,6.721056252717971802e-02,-1.328316777944564819e-01,-8.040038496255874634e-02,-2.864805422723293304e-02,5.552377551794052124e-02,6.116738542914390564e-02,1.319476068019866943e-01,2.423586882650852203e-02,-1.824219822883605957e+00,-1.764782820828258991e-03,8.694568276405334473e-02,1.383327245712280273e-01,1.298333704471588135e-01,5.588044971227645874e-02,-1.613654494285583496e-01,4.147401452064514160e-02,-2.339535951614379883e-02,-2.900145389139652252e-02,2.941942773759365082e-03,1.960523240268230438e-02,-1.054076179862022400e-01,-1.803092658519744873e-01,-1.141085699200630188e-01,8.385639637708663940e-02,-9.215441346168518066e-02,-1.910980939865112305e-01,1.946591883897781372e-01,-6.252972781658172607e-02,1.759438067674636841e-01,-7.074299454689025879e-02,-6.082558035850524902e-01,5.774774551391601562e-01,-9.384408593177795410e-02,1.400212943553924561e-01,-1.918005757033824921e-02,1.079577356576919556e-01,1.042389392852783203e+00,-8.218289017677307129e-01,-2.162731438875198364e-01,-2.836648225784301758e-01,-1.436829268932342529e-01
8.963485062122344971e-02,1.538448929786682129e-01,-3.400067687034606934e-01,2.023394554853439331e-01,1.855976879596710205e-01,3.612167015671730042e-02,-3.776606917381286621e-01,1.114981845021247864e-01,2.371694594621658325e-01,2.691392302513122559e-01,-2.137077003717422485e-01,2.192721366882324219e-01,1.032982707023620605e+00,1.287969201803207397e-01,3.151364997029304504e-02,2.887719683349132538e-02,4.143118858337402344e-02,2.685076296329498291e-01,2.056849449872970581e-01,3.325510770082473755e-02,2.834967970848083496e-01,1.432362347841262817e-01,-5.083284378051757812e+00,1.132930368185043335e-01,2.294430881738662720e-01,-1.525135990232229233e-02,4.027231037616729736e-02,1.244161799550056458e-01,1.712477952241897583e-01,1.246554628014564514e-01,2.290520071983337402e-01,-6.715188622474670410e-01,1.965772211551666260e-01,-3.795490860939025879e-01,-3.407160043716430664e-01,-4.358411133289337158e-01,1.614451408386230469e-01,1.029319092631340027e-01,2.646774351596832275e-01,2.054018974304199219e-01,2.344730347394943237e-01,1.545837372541427612e-01,3.775855898857116699e-02,5.920129269361495972e-02,2.783368900418281555e-02,2.019926905632019043e-01,4.985525086522102356e-02,1.844721585512161255e-01,2.340981215238571167e-01,1.149646043777465820e-01,1.427531987428665161e-01,2.808831334114074707e-01,2.456201165914535522e-01,3.130981922149658203e-01,4.849565029144287109e-01,1.515540629625320435e-01,1.677303463220596313e-01,2.776675522327423096e-01,1.702877432107925415e-01,-5.233328342437744141e-01,1.204619705677032471e-01,2.491544336080551147e-01,2.796480655670166016e-01,5.380567908287048340e-02
6.625827401876449585e-02,-2.581963315606117249e-02,4.537627100944519043e-02,5.106000974774360657e-02,-4.929938004352152348e-04,8.822701126337051392e-02,-1.001872271299362183e-01,-5.696254968643188477e-02,-4.186116904020309448e-02,2.269776165485382080e-02,-1.035809144377708435e-01,1.408685557544231415e-02,-2.977535128593444824e-02,-1.343916542828083038e-02,-6.852895766496658325e-02,-1.241162568330764771e-01,-1.109135448932647705e-01,-1.201618015766143799e-01,-8.759132027626037598e-02,9.690640121698379517e-02,-6.063683703541755676e-02,8.731092512607574463e-02,-8.974686264991760254e-03,-3.467011451721191406e-02,2.228468190878629684e-03,-1.147752329707145691e-01,-8.354132622480392456e-02,5.132192000746726990e-02,1.198332682251930237e-01,-1.264206618070602417e-01,8.097417652606964111e-03,3.269794955849647522e-02,6.257548183202743530e-02,-1.101759448647499084e-01,3.976090252399444580e-02,-7.052347809076309204e-02,-6.309703737497329712e-02,8.592057228088378906e-02,-1.179462997242808342e-03,-4.481359943747520447e-02,-8.716203272342681885e-02,1.527286227792501450e-02,1.080995500087738037e-01,7.721243798732757568e-02,6.337925791740417480e-02,-1.011624190141446888e-04,-3.218416869640350342e-02,-1.259736567735671997e-01,-1.212708503007888794e-01,2.842761762440204620e-02,1.053483262658119202e-01,-6.642870604991912842e-02,-1.294280290603637695e-01,-8.794938214123249054e-03,3.586502373218536377e-02,1.225485652685165405e-02,-1.242907419800758362e-01,-5.201876536011695862e-02,-7.446577399969100952e-02,6.966596841812133789e-02,7.207479327917098999e-02,-4.514433443546295166e-02,1.031189188361167908e-01,8.544996380805969238e-02
-1.183728873729705811e-01,-6.884284317493438721e-02,4.541440680623054504e-02,2.596102356910705566e-01,-7.359307259321212769e-02,1.571598090231418610e-02,-9.479840099811553955e-02,3.241743892431259155e-02,4.599294066429138184e-02,-1.183580383658409119e-01,-1.661002784967422485e-01,-1.379238963127136230e-01,-7.925012707710266113e-02,-3.710878640413284302e-02,-1.891212910413742065e-02,-8.890566974878311157e-02,8.138558268547058105e-02,3.271659091114997864e-02,-1.282047778367996216e-01,-6.348794791847467422e-03,-7.055713329464197159e-03,6.587802618741989136e-02,-5.375963076949119568e-02,-1.094098687171936035e-01,-3.374899504706263542e-03,-1.068250462412834167e-01,-8.612567186355590820e-02,8.697605878114700317e-02,-1.478567421436309814e-01,-3.950941190123558044e-02,-4.556941241025924683e-02,6.431506574153900146e-02,-6.623214483261108398e-02,2.140220813453197479e-02,-4.972346499562263489e-02,-1.441602502018213272e-02,-3.685189038515090942e-02,-2.539003454148769379e-02,-1.632387042045593262e-01,4.241963848471641541e-02,6.885229051113128662e-02,-4.099111631512641907e-02,-6.405444443225860596e-02,-4.488690942525863647e-02,5.595634132623672485e-02,-1.237537637352943420e-01,4.158665612339973450e-02,3.822435066103935242e-02,-7.812555134296417236e-02,8.897631615400314331e-02,4.797402396798133850e-02,-5.807814374566078186e-02,2.601792477071285248e-02,-1.029648482799530029e-01,-1.404246091842651367e-01,1.925529725849628448e-02,7.312104851007461548e-02,-6.662234663963317871e-02,-7.839358597993850708e-02,-4.908090084791183472e-02,-6.771359592676162720e-02,-4.122021049261093140e-02,-8.187405019998550415e-02,5.569475237280130386e-03
-1.525732036679983139e-02,8.161044679582118988e-03,-7.897609844803810120e-03,2.283679507672786713e-02,-1.110423803329467773e-01,4.122427105903625488e-02,-1.189052537083625793e-01,-9.674868732690811157e-02,7.312191277742385864e-02,1.094363331794738770e-01,4.136816039681434631e-02,-4.506709054112434387e-02,-4.656250029802322388e-02,-1.086944416165351868e-01,6.522712856531143188e-02,-8.658387511968612671e-02,5.791963078081607819e-03,4.371638596057891846e-02,-9.169802814722061157e-02,-1.066683456301689148e-01,-1.079843472689390182e-02,4.341820627450942993e-02,-6.656020134687423706e-02,-8.873359113931655884e-02,-1.260180324316024780e-01,7.772719860076904297e-02,7.734452188014984131e-02,9.133844636380672455e-03,4.520415328443050385e-03,4.637105762958526611e-02,-5.231618881225585938e-02,7.509552687406539917e-02,-4.292696248739957809e-03,-9.215245395898818970e-02,-7.215797435492277145e-03,-3.833782672882080078e-02,1.038713902235031128e-01,-4.534393548965454102e-02,-1.160945072770118713e-01,8.129604905843734741e-02,6.503462791442871094e-02,-1.883669383823871613e-02,-1.336782872676849365e-01,3.701668232679367065e-02,9.731258451938629150e-02,-9.242767095565795898e-02,-1.144778728485107422e-01,2.162026427686214447e-02,-5.258788168430328369e-02,-6.487521529197692871e-02,-5.830148980021476746e-02,7.409378141164779663e-02,-1.245544850826263428e-01,-5.922943726181983948e-02,9.849654138088226318e-02,-1.137554645538330078e-01,-7.452539354562759399e-02,-8.346689492464065552e-02,9.049049578607082367e-03,4.130262136459350586e-02,-5.840298905968666077e-02,5.247180163860321045e-02,-7.177229970693588257e-02,-2.380164153873920441e-02
-1.228920221328735352e-01,1.174999400973320007e-01,1.868556626141071320e-02,4.297170042991638184e-02,9.446378052234649658e-02,4.992519691586494446e-02,-1.011540666222572327e-01,-1.163093149662017822e-01,-1.130048185586929321e-01,7.987854629755020142e-02,-4.996414855122566223e-02,5.431674048304557800e-02,8.104921877384185791e-02,5.359160713851451874e-03,-1.247158199548721313e-01,1.113514676690101624e-01,-7.962813973426818848e-02,-1.014067307114601135e-01,-3.521007671952247620e-02,8.006888628005981445e-02,3.091291338205337524e-02,6.137222424149513245e-02,-2.265247888863086700e-02,1.001234725117683411e-02,8.024236559867858887e-02,4.637543484568595886e-02,-6.156294792890548706e-02,8.836234919726848602e-03,-1.207495182752609253e-01,-1.201772093772888184e-01,-2.812688983976840973e-02,7.013517431914806366e-03,1.050966829061508179e-01,-5.151234217919409275e-04,-1.261650621891021729e-01,-1.016781479120254517e-01,-1.219273582100868225e-01,-6.159137934446334839e-02,-3.929678350687026978e-02,8.330471813678741455e-02,-2.232235297560691833e-02,-9.842439740896224976e-02,-9.972173720598220825e-02,5.820546299219131470e-02,7.476352155208587646e-02,4.024761915206909180e-02,-2.776885405182838440e-02,-6.252247840166091919e-02,-1.152292825281620026e-02,3.327397257089614868e-02,-5.587220191955566406e-02,-2.812192402780056000e-02,1.094915494322776794e-01,-9.345287829637527466e-02,-4.153368994593620300e-02,-6.736031733453273773e-03,1.097492426633834839e-01,-3.761840239167213440e-02,-2.267205156385898590e-02,6.199127435684204102e-02,2.636757679283618927e-02,-1.175917759537696838e-01,4.750782996416091919e-02,1.661148481070995331e-02
2.102701663970947266e-01,1.451739072799682617e-01,-2.584442496299743652e-01,5.913855135440826416e-02,2.209131568670272827e-01,1.089548394083976746e-01,-3.262267708778381348e-01,1.771522760391235352e-01,1.577452272176742554e-01,1.973283886909484863e-01,-2.835373580455780029e-01,2.550941407680511475e-01,9.536338448524475098e-01,1.888232380151748657e-01,1.378017663955688477e-01,2.593722343444824219e-01,1.301875263452529907e-01,1.466725766658782959e-01,2.184693366289138794e-01,4.014212265610694885e-02,1.364680975675582886e-01,2.425791323184967041e-01,-3.111863613128662109e+00,7.919508218765258789e-02,1.232066228985786438e-01,-3.083674050867557526e-02,1.909187734127044678e-01,6.374327093362808228e-02,2.085170745849609375e-01,8.871421962976455688e-02,7.072431594133377075e-02,-4.428447484970092773e-01,1.134132593870162964e-01,-3.093802332878112793e-01,-2.589177489280700684e-01,-1.553912609815597534e-01,2.313337475061416626e-01,2.584045529365539551e-01,2.198153287172317505e-01,2.095418423414230347e-01,1.853308677673339844e-01,2.518372237682342529e-01,5.133464932441711426e-02,1.033720001578330994e-01,2.643495500087738037e-01,2.196229100227355957e-01,2.547714114189147949e-01,2.188758850097656250e-01,1.616798341274261475e-01,2.237208038568496704e-01,9.982330352067947388e-02,5.138637125492095947e-02,1.958675235509872437e-01,2.640300393104553223e-01,1.370840147137641907e-02,5.068418011069297791e-02,1.218499243259429932e-01,2.109311521053314209e-01,4.965792223811149597e-02,-5.547584295272827148e-01,1.143290475010871887e-01,2.859640121459960938e-01,4.428452998399734497e-02,2.702527642250061035e-01
2.666353583335876465e-01,8.615416288375854492e-02,-3.533842563629150391e-01,6.187932193279266357e-02,1.540577411651611328e-01,7.958433777093887329e-02,-1.335784047842025757e-01,1.629816293716430664e-01,4.131526127457618713e-02,1.700596511363983154e-01,-2.014164030551910400e-01,2.788156270980834961e-01,3.012173175811767578e-01,2.366324514150619507e-01,1.600539833307266235e-01,2.031466960906982422e-01,-4.509052261710166931e-02,2.294054329395294189e-01,1.188417598605155945e-01,2.539828121662139893e-01,1.405963897705078125e-01,1.688393652439117432e-01,-1.717814683914184570e+00,1.724127382040023804e-01,-3.705292474478483200e-03,5.629034712910652161e-02,2.808927595615386963e-01,1.290710717439651489e-01,1.616770774126052856e-01,2.242272347211837769e-01,9.130506962537765503e-02,-3.772389292716979980e-01,1.679393947124481201e-01,-3.239667043089866638e-02,-9.566576778888702393e-02,-2.170067727565765381e-01,5.376975610852241516e-02,7.543184608221054077e-02,2.097541838884353638e-01,1.844604909420013428e-01,4.597940668463706970e-02,1.895407438278198242e-01,1.487076729536056519e-01,2.014611363410949707e-01,2.045943439006805420e-01,2.250997126102447510e-01,1.867246329784393311e-01,1.449570208787918091e-01,1.279897242784500122e-01,2.666443586349487305e-01,8.967361599206924438e-02,2.716742157936096191e-01,2.239671796560287476e-01,4.157553017139434814e-01,-3.844236433506011963e-01,1.635919511318206787e-01,1.432499587535858154e-01,2.500844597816467285e-01,2.849844098091125488e-01,-1.111456379294395447e-01,1.506862789392471313e-01,1.834026873111724854e-01,2.729129493236541748e-01,2.092067897319793701e-01
-5.380171537399291992e-01,1.034904003143310547e+00,-5.858322978019714355e-02,-8.091660141944885254e-01,-9.212318658828735352e-01,-3.946360945701599121e-01,5.227586030960083008e-01,-6.097188219428062439e-02,-1.801121085882186890e-01,-2.573474347591400146e-01,2.668609619140625000e-01,1.739914417266845703e-01,2.163040488958358765e-01,1.822125762701034546e-01,2.289159297943115234e-01,4.083783626556396484e-01,9.372831135988235474e-02,-1.550187170505523682e-01,-1.876322478055953979e-01,-6.161006093025207520e-01,-2.671787738800048828e-01,1.602695941925048828e+00,-7.302287220954895020e-01,-3.731749057769775391e-01,-7.464519739151000977e-01,-4.313051700592041016e-02,-8.391227573156356812e-02,1.329574227333068848e+00,1.925633996725082397e-01,-1.801921576261520386e-01,-1.448375284671783447e-01,-7.628412246704101562e-01,1.394489854574203491e-01,4.969334304332733154e-01,6.351984143257141113e-01,5.143849253654479980e-01,1.410653740167617798e-01,-3.972965851426124573e-02,-2.905082106590270996e-01,-1.218726992607116699e+00,-9.095127582550048828e-01,-8.867431432008743286e-02,-1.181392669677734375e-01,-3.222384452819824219e-01,2.750887572765350342e-01,6.550879776477813721e-02,-1.775197535753250122e-01,2.405029088258743286e-01,1.362150013446807861e-01,-5.641700625419616699e-01,-7.540092468261718750e-01,-2.963421940803527832e-01,-1.097930073738098145e+00,-7.130280137062072754e-01,2.521355077624320984e-02,-8.178220689296722412e-02,-1.747829198837280273e+00,-7.304815948009490967e-02,8.916252851486206055e-02,5.024938844144344330e-03,-8.335806727409362793e-01,1.811230480670928955e-01,-2.728795707225799561e-01,-2.002564519643783569e-01
1.591113358736038208e-01,5.126144364476203918e-02,-3.303619623184204102e-01,2.584192156791687012e-01,1.560844331979751587e-01,2.466694712638854980e-01,-3.342840969562530518e-01,2.301929295063018799e-01,1.359927803277969360e-01,1.881740242242813110e-01,-3.311158716678619385e-01,1.765036731958389282e-01,1.112582087516784668e+00,3.964483365416526794e-02,2.173891216516494751e-01,1.178300380706787109e-01,-2.682828903198242188e-02,2.720761597156524658e-01,8.502421528100967407e-02,5.407453328371047974e-02,1.246728673577308655e-01,1.759314686059951782e-01,-2.976937532424926758e+00,6.489396840333938599e-02,1.049766540527343750e-01,1.768146269023418427e-02,2.355837374925613403e-01,2.738549113273620605e-01,2.630582451820373535e-01,1.016953736543655396e-01,2.454458773136138916e-01,-5.386497378349304199e-01,2.398085147142410278e-01,-3.592991828918457031e-01,-1.936163157224655151e-01,-2.115628868341445923e-01,4.276350513100624084e-02,1.630714088678359985e-01,5.830179154872894287e-02,8.201981335878372192e-02,1.580171734094619751e-01,7.475167512893676758e-02,2.344447821378707886e-01,5.994022265076637268e-02,1.898996084928512573e-01,2.219024747610092163e-01,2.002147138118743896e-01,5.942093580961227417e-02,1.114787682890892029e-01,1.717664152383804321e-01,2.380023151636123657e-01,1.687843948602676392e-01,5.752161145210266113e-02,3.400194346904754639e-01,4.037414193153381348e-01,2.284906804561614990e-01,9.313359111547470093e-02,5.428997799754142761e-02,1.896199285984039307e-01,-5.355588197708129883e-01,2.499283403158187866e-01,2.291442602872848511e-01,8.463803678750991821e-02,1.530679017305374146e-01
3.034882806241512299e-02,7.393068820238113403e-02,-4.119527637958526611e-01,2.468586266040802002e-01,1.312211453914642334e-01,1.977162510156631470e-01,-2.847708761692047119e-01,2.382901310920715332e-01,2.450843751430511475e-01,2.677651941776275635e-01,-2.826394438743591309e-01,1.432013511657714844e-01,1.092409133911132812e+00,2.384160757064819336e-01,2.255989164113998413e-01,2.818538248538970947e-01,1.405066996812820435e-01,2.432787120342254639e-01,3.698707371950149536e-02,2.575862407684326172e-01,1.172612085938453674e-01,1.893880814313888550e-01,-3.038290262222290039e+00,1.454416364431381226e-01,1.946475058794021606e-01,-4.490307718515396118e-02,1.103255674242973328e-01,8.393642306327819824e-02,2.365395575761795044e-01,5.802675336599349976e-02,1.638661175966262817e-01,-6.355748772621154785e-01,3.906704485416412354e-02,-2.227145880460739136e-01,-2.128116786479949951e-01,-3.675944209098815918e-01,9.309098124504089355e-02,1.610182970762252808e-01,1.924030333757400513e-01,2.451307475566864014e-01,8.320381492376327515e-02,2.630354464054107666e-01,1.634411662817001343e-01,4.043297842144966125e-02,2.290681600570678711e-01,1.872155964374542236e-01,2.608979344367980957e-01,2.181741148233413696e-01,2.752774655818939209e-01,1.438290476799011230e-01,2.207527309656143188e-01,3.492391481995582581e-02,2.340820282697677612e-01,3.305831253528594971e-01,1.179264187812805176e-01,3.111705742776393890e-02,2.605686485767364502e-01,2.154628932476043701e-01,6.356274336576461792e-02,-5.511974692344665527e-01,2.502434253692626953e-01,5.325346812605857849e-02,1.481238454580307007e-01,1.131699904799461365e-01
-1.042964160442352295e-01,-5.252332985401153564e-02,-4.586129263043403625e-02,1.051744297146797180e-01,2.767882309854030609e-02,-8.334562182426452637e-03,-5.971327796578407288e-02,-4.613874852657318115e-02,1.550562679767608643e-02,3.773868083953857422e-02,-7.609932869672775269e-02,-2.138046734035015106e-02,9.693498164415359497e-02,9.372657537460327148e-02,7.113173604011535645e-02,4.038946703076362610e-02,5.576812103390693665e-02,-1.305063366889953613e-01,-7.952486723661422729e-02,-1.056588813662528992e-02,-6.974584609270095825e-02,5.890758335590362549e-02,-3.245222568511962891e-02,-9.963327646255493164e-02,-7.900605350732803345e-02,2.217274904251098633e-02,-3.934171050786972046e-02,6.106298416852951050e-02,-6.944174319505691528e-02,-7.986479997634887695e-02,-4.013321548700332642e-02,1.576910167932510376e-02,7.366817444562911987e-02,9.147468954324722290e-02,-4.364326223731040955e-02,-1.001147180795669556e-01,8.772014826536178589e-02,-1.351160556077957153e-01,4.689657315611839294e-02,3.650628402829170227e-02,-1.960672251880168915e-02,-1.088586300611495972e-01,-2.060519903898239136e-02,6.412372738122940063e-02,7.466511428356170654e-02,-2.391059882938861847e-03,-1.133183538913726807e-01,7.413109391927719116e-02,2.397224307060241699e-03,9.083198755979537964e-02,2.587682008743286133e-02,-1.154752299189567566e-01,8.451360464096069336e-02,3.705521579831838608e-03,-6.525746732950210571e-02,-1.250050663948059082e-01,-1.039509475231170654e-01,8.845560997724533081e-02,3.574142698198556900e-03,1.415318250656127930e-02,-5.584110692143440247e-02,1.895196177065372467e-02,-6.126044690608978271e-02,2.586736110970377922e-03
-1.062236428260803223e+00,-1.032903432846069336e+00,-1.312497109174728394e-01,-2.752135694026947021e-01,1.339773237705230713e-01,-1.566379964351654053e-01,7.899869233369827271e-02,4.988358914852142334e-01,2.061339467763900757e-01,-1.308435052633285522e-01,1.602014303207397461e-01,1.687203645706176758e-01,-6.225251555442810059e-01,-1.700728535652160645e-01,1.498166024684906006e-01,-4.781689345836639404e-01,-1.313350647687911987e-01,-1.924383044242858887e-01,-3.425562009215354919e-02,-3.590812534093856812e-02,-1.242899149656295776e-02,-1.817242652177810669e-01,1.388752758502960205e-01,5.203997492790222168e-01,5.183156728744506836e-01,3.160669282078742981e-02,1.961784660816192627e-01,-9.971075057983398438e-01,-3.457356989383697510e-02,-8.549791574478149414e-02,2.536578178405761719e-01,-8.657029867172241211e-01,-4.562420547008514404e-01,1.473610699176788330e-01,-1.788611523807048798e-02,2.138452827930450439e-01,7.179112639278173447e-03,-4.845539033412933350e-01,1.520023643970489502e-01,6.925606131553649902e-01,-2.331394106149673462e-01,-5.408547446131706238e-02,8.805520087480545044e-02,2.426804751157760620e-01,1.289862114936113358e-02,-4.815171472728252411e-03,5.241852402687072754e-01,2.017313241958618164e-01,-1.791056752204895020e+00,-8.763107657432556152e-02,-1.068933486938476562e+00,-8.137147128582000732e-02,5.549563094973564148e-02,1.353555202484130859e+00,-3.354540169239044189e-01,1.186804324388504028e-01,1.301372289657592773e+00,1.333501338958740234e-01,-1.991313695907592773e-01,1.683350466191768646e-02,-1.711676239967346191e+00,-3.220283687114715576e-01,-7.345010042190551758e-01,1.821221858263015747e-01
4.236000776290893555e-02,1.289181411266326904e-01,-3.706102371215820312e-01,2.550021708011627197e-01,1.230329349637031555e-01,2.357521951198577881e-01,-3.501727283000946045e-01,2.813080549240112305e-01,2.524376809597015381e-01,1.524236053228378296e-01,-2.106274962425231934e-01,1.426476985216140747e-01,1.107292175292968750e+00,1.373941302299499512e-01,5.056814476847648621e-02,9.929041564464569092e-02,2.395496517419815063e-02,1.639480292797088623e-01,2.307277023792266846e-01,1.903094053268432617e-01,2.426071316003799438e-01,2.957353889942169189e-01,-3.152809381484985352e+00,1.055884063243865967e-01,3.004287742078304291e-02,-8.381635695695877075e-02,1.420778930187225342e-01,4.366201162338256836e-02,2.570145428180694580e-01,7.920049875974655151e-02,1.787605136632919312e-01,-4.627137780189514160e-01,1.784174591302871704e-01,-2.524368762969970703e-01,-2.273923456668853760e-01,-1.983044296503067017e-01,1.550381332635879517e-01,1.458191871643066406e-01,2.671893835067749023e-01,1.010004132986068726e-01,2.102907150983810425e-01,1.824495345354080200e-01,3.987097367644309998e-02,1.308720707893371582e-01,7.617961615324020386e-02,3.131679445505142212e-02,1.456961967051029205e-02,2.604952752590179443e-01,1.668008416891098022e-01,1.168076246976852417e-01,2.325052469968795776e-01,1.923144012689590454e-01,6.673166155815124512e-02,2.428012788295745850e-01,1.394462734460830688e-01,1.410395354032516479e-01,1.766163706779479980e-01,1.988582909107208252e-01,2.036371678113937378e-01,-4.540014266967773438e-01,2.671395242214202881e-01,1.261065453290939331e-01,2.262961864471435547e-01,3.591490164399147034e-02
1.161764413118362427e-01,1.843303292989730835e-01,-3.416951596736907959e-01,4.819148033857345581e-02,1.361595392227172852e-01,2.353592067956924438e-01,-1.381946802139282227e-01,1.494596451520919800e-01,2.882124185562133789e-01,2.474883794784545898e-01,-7.145681977272033691e-02,8.172632008790969849e-02,7.744222283363342285e-01,3.564336523413658142e-02,1.994636207818984985e-01,9.065023809671401978e-02,-6.470214575529098511e-02,2.247762084007263184e-01,9.062843769788742065e-02,4.421248286962509155e-02,2.472744733095169067e-01,1.595766395330429077e-01,-2.682260751724243164e+00,1.866977661848068237e-01,-2.532932674512267113e-03,2.836160827428102493e-03,1.845855861902236938e-01,1.787279099225997925e-01,2.008990049362182617e-01,1.905687004327774048e-01,2.923900783061981201e-01,-3.430930674076080322e-01,2.143218964338302612e-01,-7.941003143787384033e-02,1.326415315270423889e-02,-1.181184500455856323e-01,1.249613016843795776e-01,2.765707075595855713e-01,1.418685764074325562e-01,8.903739601373672485e-02,4.350958764553070068e-02,2.451439201831817627e-01,2.403582632541656494e-01,1.296508759260177612e-01,1.223709881305694580e-01,2.521807849407196045e-01,1.311354488134384155e-01,2.048575282096862793e-01,1.635421365499496460e-01,1.788056790828704834e-01,1.357651948928833008e-01,2.740308642387390137e-01,1.503281146287918091e-01,4.447607100009918213e-01,-3.382337987422943115e-01,2.847274839878082275e-01,9.173250943422317505e-02,2.871969342231750488e-01,1.391676664352416992e-01,-1.717959195375442505e-01,7.650307565927505493e-02,1.461003869771957397e-01,2.675541043281555176e-01,1.061953157186508179e-01
2.192781865596771240e-01,1.187145486474037170e-01,3.346393406391143799e-01,6.442912220954895020e-01,2.591840028762817383e-01,2.480121254920959473e-01,-1.144647076725959778e-01,-2.766459286212921143e-01,5.093616247177124023e-02,1.564950495958328247e-01,2.783900499343872070e-01,3.181339800357818604e-02,-4.669659212231636047e-02,-7.412800937891006470e-02,-1.054497733712196350e-01,-5.001965761184692383e-01,7.701911777257919312e-02,8.684208244085311890e-02,-2.251421809196472168e-01,-1.083323173224925995e-02,7.984130084514617920e-02,-4.074889123439788818e-01,7.984470725059509277e-01,1.552557796239852905e-01,-5.124606490135192871e-01,3.892648965120315552e-02,1.021967530250549316e-01,-4.504908919334411621e-01,-1.645728200674057007e-01,9.198390878736972809e-03,1.499754190444946289e-01,-5.376640558242797852e-01,-3.702127933502197266e-02,3.534579575061798096e-01,1.521697342395782471e-01,9.328744560480117798e-02,-1.270750313997268677e-01,-4.021869227290153503e-02,-4.629633203148841858e-02,-2.240498363971710205e-01,-2.070993781089782715e-01,1.757511943578720093e-01,1.221095547080039978e-01,-2.727871760725975037e-02,-3.054020702838897705e-01,-5.925417318940162659e-02,8.562771230936050415e-02,-1.279828399419784546e-01,-4.454267323017120361e-01,2.365107275545597076e-02,2.151272296905517578e-01,-5.479340627789497375e-02,-1.172754541039466858e-01,-2.315543889999389648e-01,3.672354817390441895e-01,1.226169317960739136e-01,6.056616082787513733e-02,1.381807029247283936e-01,1.596474833786487579e-02,1.068474292755126953e+00,-1.369535207748413086e+00,-2.412314862012863159e-01,-5.702981352806091309e-02,1.353151947259902954e-01
2.636295855045318604e-01,2.234210371971130371e-01,-2.005644440650939941e-01,1.812745034694671631e-01,6.052957475185394287e-02,1.702393591403961182e-01,-2.131922841072082520e-01,6.593006849288940430e-02,2.423711866140365601e-01,1.084165573120117188e-01,-1.069300547242164612e-01,1.428394168615341187e-01,4.317093789577484131e-01,2.169886678457260132e-01,1.869096010923385620e-01,1.993752270936965942e-01,-1.296889688819646835e-02,2.172874957323074341e-01,1.165791526436805725e-01,2.478615492582321167e-01,1.229484826326370239e-01,1.775471568107604980e-01,-1.422450304031372070e+00,7.183467596769332886e-02,9.473659098148345947e-02,1.311400979757308960e-01,7.140328735113143921e-02,2.612357139587402344e-01,5.045957490801811218e-02,9.760655462741851807e-02,7.148663699626922607e-02,-3.831475079059600830e-01,5.584985017776489258e-02,-2.967248670756816864e-02,-8.950904011726379395e-02,-2.735213339328765869e-01,2.700993418693542480e-01,1.819817274808883667e-01,1.224466562271118164e-01,2.203537821769714355e-01,1.499259471893310547e-01,9.687477350234985352e-02,2.540960907936096191e-01,2.549177967011928558e-02,2.770467400550842285e-01,2.458063215017318726e-01,1.482905447483062744e-01,2.567312121391296387e-01,2.852416634559631348e-01,1.715002506971359253e-01,1.674454212188720703e-01,2.484296262264251709e-01,6.621237844228744507e-02,3.273408114910125732e-01,-4.056215286254882812e-01,2.151789367198944092e-01,2.073172181844711304e-01,2.469254881143569946e-01,1.778621226549148560e-01,-4.296711683273315430e-01,1.100878491997718811e-01,1.952789276838302612e-01,1.333440989255905151e-01,1.480791419744491577e-01
8.636028319597244263e-02,9.420806169509887695e-02,-2.772533595561981201e-01,6.224815547466278076e-02,2.620280086994171143e-01,1.999602913856506348e-01,-1.426528692245483398e-01,1.926032006740570068e-01,2.354494184255599976e-01,1.778474599123001099e-01,-2.295671701431274414e-01,2.403624057769775391e-01,8.465389013290405273e-01,1.597518622875213623e-01,1.055737361311912537e-01,2.124846726655960083e-01,6.385443359613418579e-02,9.498596191406250000e-02,5.932547524571418762e-02,4.672638326883316040e-02,8.951400965452194214e-02,2.487843036651611328e-01,-2.959573984146118164e+00,1.493000388145446777e-01,-8.280572481453418732e-03,3.636210225522518158e-03,1.850345134735107422e-01,2.163475006818771362e-01,2.720812857151031494e-01,6.475211679935455322e-02,1.469406038522720337e-01,-5.565975308418273926e-01,1.648098975419998169e-01,-1.552825123071670532e-01,-2.471615523099899292e-01,-2.666337788105010986e-01,7.325866818428039551e-02,1.766952723264694214e-01,2.270258218050003052e-01,6.329963356256484985e-02,6.276051700115203857e-02,2.468511313199996948e-01,5.898321419954299927e-02,2.099502459168434143e-02,1.580795645713806152e-01,2.660636305809020996e-01,1.723984628915786743e-01,1.783612221479415894e-01,5.150984972715377808e-02,2.269231975078582764e-01,1.825160533189773560e-01,2.283945232629776001e-01,1.602857261896133423e-01,4.637231826782226562e-01,6.345468014478683472e-02,2.176280915737152100e-01,2.163739651441574097e-01,7.928153872489929199e-02,2.056316435337066650e-01,-5.177224278450012207e-01,2.010494172573089600e-01,1.199291944503784180e-01,4.584318771958351135e-02,1.024338379502296448e-01
7.356669902801513672e-01,8.638556003570556641e-01,2.911269068717956543e-01,6.439875364303588867e-01,-2.354673594236373901e-01,7.345851510763168335e-02,1.764741986989974976e-01,-3.578000664710998535e-01,8.828826248645782471e-02,8.586719036102294922e-01,3.393943607807159424e-02,1.064845547080039978e-01,7.522251009941101074e-01,-8.383181877434253693e-03,-1.662423759698867798e-01,-1.623630225658416748e-01,-1.291996389627456665e-01,-1.513337194919586182e-01,-5.308723822236061096e-02,-1.362341046333312988e-01,-2.370937913656234741e-02,-6.495729088783264160e-01,7.320472002029418945e-01,1.670691519975662231e-01,-2.861933410167694092e-01,-4.314669594168663025e-02,6.316594034433364868e-02,-3.055387437343597412e-01,-1.157892048358917236e-01,2.985163033008575439e-02,-8.983767777681350708e-02,-6.793401837348937988e-01,9.015554934740066528e-02,3.914613723754882812e-01,2.748485207557678223e-01,-1.846325956284999847e-02,-4.310833215713500977e-01,-1.231479719281196594e-01,6.629139930009841919e-02,6.544040888547897339e-02,-1.978811621665954590e-01,4.472183063626289368e-02,1.299218833446502686e-01,1.137511730194091797e-01,-3.372531235218048096e-01,1.362684182822704315e-02,-2.611863799393177032e-02,7.577466964721679688e-02,-5.723623633384704590e-01,2.542759291827678680e-02,1.604438722133636475e-01,-1.494337767362594604e-01,-1.044659838080406189e-01,7.692221999168395996e-01,-1.366440951824188232e-01,-1.414285227656364441e-02,-1.949609518051147461e-01,-8.423396199941635132e-02,1.032416447997093201e-01,4.678184390068054199e-01,-1.715676426887512207e+00,-2.676089107990264893e-01,-4.865025728940963745e-02,3.122969865798950195e-01
-1.344579011201858521e-01,5.932894349098205566e-02,-6.993442028760910034e-02,4.023300111293792725e-02,9.010716527700424194e-02,3.256088495254516602e-02,-2.125664241611957550e-02,-9.394845366477966309e-02,-2.952011115849018097e-02,-5.839632451534271240e-02,3.648658469319343567e-02,3.221524506807327271e-02,2.377886138856410980e-02,-1.095707491040229797e-01,-1.401773393154144287e-01,-8.782619237899780273e-02,2.864524908363819122e-02,1.748916506767272949e-02,-6.901963055133819580e-02,6.317032128572463989e-02,-1.329860240221023560e-01,6.595191359519958496e-02,1.000152248889207840e-02,7.566343992948532104e-02,7.675053179264068604e-02,8.929650485515594482e-02,4.793303087353706360e-02,8.010816574096679688e-02,5.453194305300712585e-02,-1.378592401742935181e-01,-1.143718510866165161e-01,-1.123498231172561646e-01,-8.081112802028656006e-02,1.657261885702610016e-02,-1.356162428855895996e-01,4.337018355727195740e-02,6.298610568046569824e-02,-7.577148266136646271e-03,4.353810101747512817e-02,4.614380188286304474e-03,-1.378923803567886353e-01,6.822772324085235596e-02,9.119874238967895508e-02,2.531467704102396965e-03,7.584729045629501343e-02,-5.990735441446304321e-02,-2.862118743360042572e-02,-1.419151760637760162e-02,4.091527312994003296e-02,1.033078655600547791e-01,-1.073915809392929077e-01,5.811638012528419495e-02,-1.243552491068840027e-01,-1.965187676250934601e-02,-1.196916252374649048e-01,2.191131561994552612e-02,5.776425451040267944e-02,2.902645617723464966e-02,-8.253961056470870972e-02,-5.810082331299781799e-02,7.721740752458572388e-02,-4.862349107861518860e-02,8.053261786699295044e-02,-8.489861153066158295e-03
4.158570244908332825e-02,1.820461452007293701e-01,-2.396637201309204102e-01,2.013416290283203125e-01,1.432213336229324341e-01,1.966797113418579102e-01,-3.559157848358154297e-01,4.731934145092964172e-02,7.374337315559387207e-02,1.613787114620208740e-01,-2.155154794454574585e-01,9.713748842477798462e-02,9.697756767272949219e-01,1.273362040519714355e-01,9.872402250766754150e-02,1.226212680339813232e-01,-4.130879789590835571e-02,2.046559453010559082e-01,1.125776395201683044e-01,1.746114343404769897e-01,2.512445151805877686e-01,2.958898544311523438e-01,-3.164556503295898438e+00,2.843415737152099609e-01,2.173906564712524414e-01,-5.210560187697410583e-02,2.622473835945129395e-01,2.454117089509963989e-01,5.042797327041625977e-02,2.708097994327545166e-01,1.489847302436828613e-01,-3.929650485515594482e-01,1.192909255623817444e-01,-2.429371774196624756e-01,-3.498748838901519775e-01,-3.495816290378570557e-01,2.626954317092895508e-01,1.540012806653976440e-01,3.353441879153251648e-02,6.196058169007301331e-02,9.030873328447341919e-02,2.500851452350616455e-01,2.414875179529190063e-01,3.283058106899261475e-02,5.782429128885269165e-02,1.374170333147048950e-01,7.613036036491394043e-02,2.246043384075164795e-01,4.264694452285766602e-02,4.123078286647796631e-02,1.043381839990615845e-01,1.548150032758712769e-01,1.024144962430000305e-01,3.190994858741760254e-01,1.787015050649642944e-01,2.151231318712234497e-01,2.516821026802062988e-01,1.457698047161102295e-01,2.275760471820831299e-01,-5.256148576736450195e-01,1.171697452664375305e-01,7.801009714603424072e-02,2.774247825145721436e-01,1.080315485596656799e-01
2.314718365669250488e-01,4.105905815958976746e-02,-1.793432235717773438e-01,2.587578892707824707e-01,1.060888096690177917e-01,2.296055853366851807e-01,-9.504608064889907837e-02,2.028516083955764771e-01,2.688461244106292725e-01,2.573715746402740479e-01,-2.404496371746063232e-01,1.906801462173461914e-01,4.603323340415954590e-01,1.895205825567245483e-01,2.620603442192077637e-01,2.540834546089172363e-01,-4.661561548709869385e-02,1.992661505937576294e-01,2.350909858942031860e-01,2.107815593481063843e-01,2.457564622163772583e-01,1.584974974393844604e-01,-1.684469223022460938e+00,1.764234602451324463e-01,8.740865625441074371e-03,-5.769136175513267517e-02,2.537439763545989990e-01,1.306813061237335205e-01,1.302468776702880859e-01,1.724082827568054199e-01,1.326258629560470581e-01,-1.792167872190475464e-01,2.411450296640396118e-01,-8.837984502315521240e-02,-1.825566031038761139e-02,-1.351104527711868286e-01,2.896266877651214600e-01,2.274427562952041626e-01,1.428450196981430054e-01,1.486857831478118896e-01,8.876336365938186646e-02,2.822341918945312500e-01,1.527948528528213501e-01,1.353673189878463745e-01,2.882876396179199219e-01,2.700467705726623535e-01,1.652977466583251953e-01,1.186288371682167053e-01,2.850536108016967773e-01,5.459863319993019104e-02,9.395537525415420532e-02,4.380298778414726257e-02,6.658422201871871948e-02,2.504401504993438721e-01,-1.243063956499099731e-01,6.359692662954330444e-02,5.004949122667312622e-02,2.093868851661682129e-01,2.516275942325592041e-01,-7.387523353099822998e-02,1.308403462171554565e-01,6.743147969245910645e-02,1.787420958280563354e-01,2.193379253149032593e-01
9.012727439403533936e-02,1.705235689878463745e-01,-3.875099420547485352e-01,1.882745623588562012e-01,1.924516260623931885e-01,2.303124070167541504e-01,-2.890861928462982178e-01,1.781971901655197144e-01,1.852771788835525513e-01,2.659800350666046143e-01,-2.507721781730651855e-01,1.966543942689895630e-01,1.049216032028198242e+00,1.476945430040359497e-01,4.228914901614189148e-02,2.083172947168350220e-01,1.840479671955108643e-02,1.724292188882827759e-01,1.252764016389846802e-01,6.032619997859001160e-02,2.501440942287445068e-01,1.434230655431747437e-01,-4.032969951629638672e+00,6.932215392589569092e-02,1.412409245967864990e-01,7.630441337823867798e-02,1.339140534400939941e-01,1.401036083698272705e-01,1.869958192110061646e-01,8.663984388113021851e-02,1.716969162225723267e-01,-6.958786249160766602e-01,2.065091393887996674e-02,-3.792464435100555420e-01,-3.266152739524841309e-01,-4.933955371379852295e-01,4.277928918600082397e-02,2.050343751907348633e-01,1.799763888120651245e-01,1.452537626028060913e-01,1.058854833245277405e-01,4.708050563931465149e-02,2.111432999372482300e-01,9.373987466096878052e-02,2.324142009019851685e-01,2.192591726779937744e-01,2.497278749942779541e-01,5.694613233208656311e-02,2.846533060073852539e-01,1.292092800140380859e-01,8.323108404874801636e-02,1.596003621816635132e-01,2.598156929016113281e-01,2.837173044681549072e-01,1.600456982851028442e-02,2.428363859653472900e-01,1.988542675971984863e-01,5.123787373304367065e-02,2.193859964609146118e-01,-5.559538602828979492e-01,1.708414256572723389e-01,2.159256041049957275e-01,5.459808930754661560e-02,1.117625981569290161e-01
1.627763733267784119e-02,-1.888189837336540222e-02,-1.015406250953674316e-01,-6.809657905250787735e-03,1.022539064288139343e-01,2.375388285145163536e-03,-4.603252932429313660e-02,-7.976290583610534668e-02,-6.082883477210998535e-02,8.147651702165603638e-02,-1.071024015545845032e-01,1.705412939190864563e-02,-9.269133210182189941e-02,-1.020901277661323547e-01,4.617614671587944031e-02,-9.834988415241241455e-02,-2.784090489149093628e-02,-1.339681744575500488e-01,4.370779916644096375e-02,-6.597506348043680191e-03,3.420609980821609497e-02,-7.399278879165649414e-02,5.227291584014892578e-02,-1.043459624052047729e-01,3.585142083466053009e-03,1.765380240976810455e-02,-4.608913883566856384e-02,6.310810893774032593e-02,-1.475014239549636841e-01,5.214248970150947571e-02,-1.088689044117927551e-01,2.844764664769172668e-02,-5.449117347598075867e-02,-1.429928583092987537e-03,8.290551602840423584e-03,6.131314113736152649e-02,-9.880033880472183228e-02,-5.950064584612846375e-02,4.700542986392974854e-02,9.936919808387756348e-02,1.437349896878004074e-02,-2.259440720081329346e-03,7.393060624599456787e-02,-2.539168111979961395e-02,-1.387877464294433594e-01,8.998835086822509766e-02,-1.517732590436935425e-01,-1.399040371179580688e-01,-1.175297573208808899e-01,-8.696421980857849121e-02,5.549964681267738342e-02,-1.571585237979888916e-02,6.806622445583343506e-02,4.574754461646080017e-02,7.720640301704406738e-02,-4.889690876007080078e-02,5.511660501360893250e-02,-7.156281173229217529e-02,9.447332471609115601e-02,-4.671923071146011353e-02,1.008515655994415283e-01,8.739572763442993164e-02,9.106029756367206573e-03,-9.271838515996932983e-02
2.583649754524230957e-01,5.508476868271827698e-02,-3.278447985649108887e-01,9.837814420461654663e-02,1.272312551736831665e-01,8.032891899347305298e-02,-2.024966776371002197e-01,6.690984219312667847e-02,1.789372116327285767e-01,4.367611557245254517e-02,-3.070227503776550293e-01,2.053956985473632812e-01,8.661522269248962402e-01,1.146639138460159302e-01,2.867007851600646973e-01,6.042304635047912598e-02,-2.119647338986396790e-02,1.696109920740127563e-01,2.419059276580810547e-01,1.930077970027923584e-01,1.419593691825866699e-01,3.471908569335937500e-01,-2.214823961257934570e+00,2.413037717342376709e-01,-1.312265545129776001e-02,7.259789109230041504e-02,1.572579741477966309e-01,1.485013067722320557e-01,2.227361947298049927e-01,1.942037194967269897e-01,1.314513236284255981e-01,-4.706021547317504883e-01,5.666503310203552246e-02,-1.934940963983535767e-01,-1.670210957527160645e-01,-3.670602440834045410e-01,1.326162219047546387e-01,2.516803145408630371e-01,2.660870850086212158e-01,1.739594936370849609e-01,7.227098941802978516e-02,2.678633928298950195e-01,5.681408196687698364e-02,2.564983963966369629e-01,2.047024965286254883e-01,1.711226850748062134e-01,1.405408382415771484e-01,1.755202710628509521e-01,1.050578057765960693e-01,2.511864304542541504e-01,2.371704429388046265e-01,2.219549119472503662e-01,1.544255912303924561e-01,2.557048797607421875e-01,-8.924770355224609375e-02,1.443801373243331909e-01,1.588495969772338867e-01,1.665433049201965332e-01,2.674043476581573486e-01,-5.028445720672607422e-01,1.427463591098785400e-01,1.777258515357971191e-01,2.764796018600463867e-01,1.435079276561737061e-01
7.939367741346359253e-02,1.611495763063430786e-01,-3.363690972328186035e-01,2.580349147319793701e-01,3.774517774581909180e-02,1.803304105997085571e-01,-2.643787860870361328e-01,4.828335344791412354e-02,2.225187271833419800e-01,5.225595459342002869e-02,-3.091658353805541992e-01,1.493395119905471802e-01,1.247718930244445801e+00,1.955156922340393066e-01,1.913329809904098511e-01,1.853817701339721680e-01,1.721572503447532654e-02,2.658066153526306152e-01,2.037356495857238770e-01,4.355346783995628357e-02,1.739699393510818481e-01,2.754976749420166016e-01,-3.816322565078735352e+00,2.757722437381744385e-01,1.778451353311538696e-01,-8.992603421211242676e-02,1.614244431257247925e-01,2.257347404956817627e-01,4.664441943168640137e-02,2.461168617010116577e-01,2.176995575428009033e-01,-6.934249401092529297e-01,2.303595095872879028e-01,-3.829061985015869141e-01,-3.413462340831756592e-01,-3.399222493171691895e-01,1.078205481171607971e-01,1.404411494731903076e-01,1.641657352447509766e-01,1.124486848711967468e-01,6.528721004724502563e-02,2.728190422058105469e-01,2.006487697362899780e-01,6.315077096223831177e-02,9.081396460533142090e-02,4.076566919684410095e-02,2.233702242374420166e-01,7.371154427528381348e-02,1.724181473255157471e-01,1.980280280113220215e-01,1.868303120136260986e-01,1.386196613311767578e-01,1.584821194410324097e-01,2.647297978401184082e-01,3.578147888183593750e-01,2.382635474205017090e-01,1.732886135578155518e-01,9.977481514215469360e-02,5.015814304351806641e-02,-6.234496235847473145e-01,2.039253264665603638e-01,2.395762354135513306e-01,1.048964709043502808e-01,4.979449510574340820e-02
